strain	accession	country	year	clade_membership
AY422806|MN-00-10-EU|2000|USA|L1.1A	AY422806	USA	2000	L1.1A
AY395080|SD-01-08|2001|USA|L1.1A	AY395080	USA	2001	L1.1A
EU755691|PRRSV0000002065|2003|USA|L1.1A	EU755691	USA	2003	L1.1A
KX249758|15-Mar|2003|USA|L1.1A	KX249758	USA	2003	L1.1A
EF175570|SDPRRS-04-42|2004|USA|L1.1A	EF175570	USA	2004	L1.1A
DQ476800|PRRSV0002566|2004|USA|L1.1A	DQ476800	USA	2004	L1.1A
EF175568|SDPRRS-04-41|2004|USA|L1.1A	EF175568	USA	2004	L1.1A
EU755767|PRRSV0000002595|2004|USA|L1.1A	EU755767	USA	2004	L1.1A
EU758608|PRRSV0000008568|2006|USA|L1.1A	EU758608	USA	2006	L1.1A
EU758606|PRRSV0000008566|2006|USA|L1.1A	EU758606	USA	2006	L1.1A
EU756550|PRRSV0000005538|2006|USA|L1.1A	EU756550	USA	2006	L1.1A
EU758819|PRRSV0000008824|2007|USA|L1.1A	EU758819	USA	2007	L1.1A
KU501651|USA-CB327-2007|2007|USA|L1.1A	KU501651	USA	2007	L1.1A
KU501649|USA-CB325-2007|2007|USA|L1.1A	KU501649	USA	2007	L1.1A
EU758992|PRRSV0000009039|2007|USA|L1.1A	EU758992	USA	2007	L1.1A
EU759559|V2000000396|2007|USA|L1.1A	EU759559	USA	2007	L1.1A
EU759959|PRRSV2000000817|2008|USA|L1.1A	EU759959	USA	2008	L1.1A
EU759890|PRRSV2000000743|2008|USA|L1.1A	EU759890	USA	2008	L1.1A
KU501660|USA-CB501-2009|2009|USA|L1.1A	KU501660	USA	2009	L1.1A
MN499211|10234|2009|USA|L1.1A	MN499211	USA	2009	L1.1A
KT902339|USA-AP30-2009|2009|USA|L1.1A	KT902339	USA	2009	L1.1A
MN502623|10140|2009|USA|L1.1A	MN502623	USA	2009	L1.1A
KU501653|USA-CB398-2009|2009|USA|L1.1A	KU501653	USA	2009	L1.1A
KT902402|USA-AP94-2009|2009|USA|L1.1A	KT902402	USA	2009	L1.1A
MN501061|10075|2009|USA|L1.1A	MN501061	USA	2009	L1.1A
MN501796|10221|2009|USA|L1.1A	MN501796	USA	2009	L1.1A
KU501654|USA-CB399-2010|2010|USA|L1.1A	KU501654	USA	2010	L1.1A
KT902732|USA-AP372-2010|2010|USA|L1.1A	KT902732	USA	2010	L1.1A
KT902864|USA-AP507-2010|2010|USA|L1.1A	KT902864	USA	2010	L1.1A
KT902873|USA-AP516-2010|2010|USA|L1.1A	KT902873	USA	2010	L1.1A
MN500768|10510|2010|USA|L1.1A	MN500768	USA	2010	L1.1A
MN499298|10456|2010|USA|L1.1A	MN499298	USA	2010	L1.1A
MN498426|10311|2010|USA|L1.1A	MN498426	USA	2010	L1.1A
MN501899|10553|2010|USA|L1.1A	MN501899	USA	2010	L1.1A
MN501375|10340|2010|USA|L1.1A	MN501375	USA	2010	L1.1A
MN502025|10763|2011|USA|L1.1A	MN502025	USA	2011	L1.1A
KT903089|USA-AP671-2011|2011|USA|L1.1A	KT903089	USA	2011	L1.1A
KT903181|USA-AP763-2011|2011|USA|L1.1A	KT903181	USA	2011	L1.1A
MN501046|10749|2011|USA|L1.1A	MN501046	USA	2011	L1.1A
MN499533|11232|2012|USA|L1.1A	MN499533	USA	2012	L1.1A
MN501161|13784|2012|USA|L1.1A	MN501161	USA	2012	L1.1A
KT903882|USA-AP1439-2012|2012|USA|L1.1A	KT903882	USA	2012	L1.1A
KT903676|USA-AP1232-2012|2012|USA|L1.1A	KT903676	USA	2012	L1.1A
KT903960|USA-CB58-2012|2012|USA|L1.1A	KT903960	USA	2012	L1.1A
MN499729|11167|2012|USA|L1.1A	MN499729	USA	2012	L1.1A
KT903739|USA-AP1295-2012|2012|USA|L1.1A	KT903739	USA	2012	L1.1A
KT903611|USA-AP1167-2012|2012|USA|L1.1A	KT903611	USA	2012	L1.1A
MN499818|11653|2013|USA|L1.1A	MN499818	USA	2013	L1.1A
KT904111|USA-AP1508-2013|2013|USA|L1.1A	KT904111	USA	2013	L1.1A
KT904089|USA-AP1486-2013|2013|USA|L1.1A	KT904089	USA	2013	L1.1A
MN498309|11694|2013|USA|L1.1A	MN498309	USA	2013	L1.1A
MN501064|11458|2013|USA|L1.1A	MN501064	USA	2013	L1.1A
KT904621|USA-AP1934-2014|2014|USA|L1.1A	KT904621	USA	2014	L1.1A
KT905091|USA-AP2133-2015|2015|USA|L1.1A	KT905091	USA	2015	L1.1A
KT905221|USA-AP2283-2015|2015|USA|L1.1A	KT905221	USA	2015	L1.1A
MN500446|12811|2016|USA|L1.1A	MN500446	USA	2016	L1.1A
MN499465|12943|2016|USA|L1.1A	MN499465	USA	2016	L1.1A
MN499839|12762|2016|USA|L1.1A	MN499839	USA	2016	L1.1A
MN498645|12797|2016|USA|L1.1A	MN498645	USA	2016	L1.1A
MN502370|14200|2017|USA|L1.1A	MN502370	USA	2017	L1.1A
MN498968|14061|2017|USA|L1.1A	MN498968	USA	2017	L1.1A
MN501247|14327|2017|USA|L1.1A	MN501247	USA	2017	L1.1A
MN498417|14202|2017|USA|L1.1A	MN498417	USA	2017	L1.1A
MN502469|13211|2017|USA|L1.1A	MN502469	USA	2017	L1.1A
MN499563|13198|2017|USA|L1.1A	MN499563	USA	2017	L1.1A
PQ618415|2004019793|2004|USA|L1.1A	PQ618415	USA	2004	L1.1A
PQ618416|2005030651|2005|USA|L1.1A	PQ618416	USA	2005	L1.1A
PQ618417|2005024097B|2005|USA|L1.1A	PQ618417	USA	2005	L1.1A
PQ618418|2006003705A|2006|USA|L1.1A	PQ618418	USA	2006	L1.1A
PQ618419|2006002655-21|2006|USA|L1.1A	PQ618419	USA	2006	L1.1A
PQ618420|2006000466-2|2006|USA|L1.1A	PQ618420	USA	2006	L1.1A
PQ618421|2006016041-C|2006|USA|L1.1A	PQ618421	USA	2006	L1.1A
PQ618422|2006005082|2006|USA|L1.1A	PQ618422	USA	2006	L1.1A
PQ618423|2006003903|2006|USA|L1.1A	PQ618423	USA	2006	L1.1A
PQ618424|2007023850-A|2007|USA|L1.1A	PQ618424	USA	2007	L1.1A
PQ618425|2007043482-B|2007|USA|L1.1A	PQ618425	USA	2007	L1.1A
PQ618426|2007034782-D|2007|USA|L1.1A	PQ618426	USA	2007	L1.1A
PQ618427|2007035774|2007|USA|L1.1A	PQ618427	USA	2007	L1.1A
PQ618428|2007023890-A|2007|USA|L1.1A	PQ618428	USA	2007	L1.1A
PQ618429|2007006215|2007|USA|L1.1A	PQ618429	USA	2007	L1.1A
PQ618430|2008028415|2008|USA|L1.1A	PQ618430	USA	2008	L1.1A
PQ618431|2008029964-7|2008|USA|L1.1A	PQ618431	USA	2008	L1.1A
PQ618432|2009011476|2009|USA|L1.1A	PQ618432	USA	2009	L1.1A
PQ618433|2010014455|2010|USA|L1.1A	PQ618433	USA	2010	L1.1A
PQ618434|2011002355-37|2011|USA|L1.1A	PQ618434	USA	2011	L1.1A
PQ618435|2011006669-70|2011|USA|L1.1A	PQ618435	USA	2011	L1.1A
PQ618436|2011016728-41|2011|USA|L1.1A	PQ618436	USA	2011	L1.1A
PQ618437|2011026196|2011|USA|L1.1A	PQ618437	USA	2011	L1.1A
PQ618438|2011007335-96|2011|USA|L1.1A	PQ618438	USA	2011	L1.1A
PQ618439|2011023510-1|2011|USA|L1.1A	PQ618439	USA	2011	L1.1A
PQ618440|2011008215-115|2011|USA|L1.1A	PQ618440	USA	2011	L1.1A
PQ618441|2011009998-107|2011|USA|L1.1A	PQ618441	USA	2011	L1.1A
PQ618442|2012009569-115|2012|USA|L1.1A	PQ618442	USA	2012	L1.1A
PQ618443|2012019396-49|2012|USA|L1.1A	PQ618443	USA	2012	L1.1A
PQ618444|2012000099|2012|USA|L1.1A	PQ618444	USA	2012	L1.1A
PQ618445|2012030239-E|2012|USA|L1.1A	PQ618445	USA	2012	L1.1A
PQ618446|2012025339-22|2012|USA|L1.1A	PQ618446	USA	2012	L1.1A
PQ618447|2012006808-26|2012|USA|L1.1A	PQ618447	USA	2012	L1.1A
PQ618448|2012026052-3|2012|USA|L1.1A	PQ618448	USA	2012	L1.1A
PQ618449|2012026745-D|2012|USA|L1.1A	PQ618449	USA	2012	L1.1A
PQ618450|2012034288-17|2012|USA|L1.1A	PQ618450	USA	2012	L1.1A
PQ618451|2012030231-10|2012|USA|L1.1A	PQ618451	USA	2012	L1.1A
PQ618452|2013012044-C|2013|USA|L1.1A	PQ618452	USA	2013	L1.1A
PQ618453|2013034835-2|2013|USA|L1.1A	PQ618453	USA	2013	L1.1A
PQ618454|2013021849-43|2013|USA|L1.1A	PQ618454	USA	2013	L1.1A
PQ618455|2013048748|2013|USA|L1.1A	PQ618455	USA	2013	L1.1A
PQ618456|2013017770-7|2013|USA|L1.1A	PQ618456	USA	2013	L1.1A
PQ618457|2013049145|2013|USA|L1.1A	PQ618457	USA	2013	L1.1A
PQ618458|2015083652-A|2015|USA|L1.1A	PQ618458	USA	2015	L1.1A
PQ618459|2015072075-1|2015|USA|L1.1A	PQ618459	USA	2015	L1.1A
PQ618460|2015028411-1|2015|USA|L1.1A	PQ618460	USA	2015	L1.1A
PQ618461|2016021711-1|2016|USA|L1.1A	PQ618461	USA	2016	L1.1A
PQ618462|2016030269-C|2016|USA|L1.1A	PQ618462	USA	2016	L1.1A
PQ618463|2016017381-1|2016|USA|L1.1A	PQ618463	USA	2016	L1.1A
PQ618464|2016043633|2016|USA|L1.1A	PQ618464	USA	2016	L1.1A
PQ618465|2017027457-1|2017|USA|L1.1A	PQ618465	USA	2017	L1.1A
PQ618466|2017080120|2017|USA|L1.1A	PQ618466	USA	2017	L1.1A
PQ618467|2017009830-1|2017|USA|L1.1A	PQ618467	USA	2017	L1.1A
PQ618468|2017019163-GA|2017|USA|L1.1A	PQ618468	USA	2017	L1.1A
PQ618469|2017020972-GA|2017|USA|L1.1A	PQ618469	USA	2017	L1.1A
PQ618470|2018005236-1|2018|USA|L1.1A	PQ618470	USA	2018	L1.1A
PQ618471|2018002223-GE|2018|USA|L1.1A	PQ618471	USA	2018	L1.1A
PQ618472|2018038606-1|2018|USA|L1.1A	PQ618472	USA	2018	L1.1A
PQ618473|2019006902|2019|USA|L1.1A	PQ618473	USA	2019	L1.1A
PQ618474|2020025916|2020|USA|L1.1A	PQ618474	USA	2020	L1.1A
PQ618475|2020021776|2020|USA|L1.1A	PQ618475	USA	2020	L1.1A
PQ618476|2020035590|2020|USA|L1.1A	PQ618476	USA	2020	L1.1A
PQ618477|2020031936|2020|USA|L1.1A	PQ618477	USA	2020	L1.1A
EU758247|PRRSV0000008116|2005|USA|L1.1B	EU758247	USA	2005	L1.1B
EU758562|PRRSV0000008510|2006|USA|L1.1B	EU758562	USA	2006	L1.1B
KU501412|USA-CB726-2007|2007|USA|L1.1B	KU501412	USA	2007	L1.1B
EU759048|PRRSV0000009124|2007|USA|L1.1B	EU759048	USA	2007	L1.1B
MK359283|USA-ISU20054-2018|2018|USA|L1.1B	MK359283	USA	2018	L1.1B
PQ618478|2010020154-12|2010|USA|L1.1B	PQ618478	USA	2010	L1.1B
PQ618479|2010003873-4|2010|USA|L1.1B	PQ618479	USA	2010	L1.1B
PQ618480|2010032210-6|2010|USA|L1.1B	PQ618480	USA	2010	L1.1B
PQ618481|2010029150-22|2010|USA|L1.1B	PQ618481	USA	2010	L1.1B
PQ618482|2010004773-8|2010|USA|L1.1B	PQ618482	USA	2010	L1.1B
PQ618483|2010030329-14|2010|USA|L1.1B	PQ618483	USA	2010	L1.1B
PQ618484|2011016728-44|2011|USA|L1.1B	PQ618484	USA	2011	L1.1B
PQ618485|2011025282-27|2011|USA|L1.1B	PQ618485	USA	2011	L1.1B
PQ618486|2011011389-46|2011|USA|L1.1B	PQ618486	USA	2011	L1.1B
PQ618487|2011018211-24|2011|USA|L1.1B	PQ618487	USA	2011	L1.1B
PQ618488|2011033145-6|2011|USA|L1.1B	PQ618488	USA	2011	L1.1B
PQ618489|2011007317-23|2011|USA|L1.1B	PQ618489	USA	2011	L1.1B
PQ618490|2011010159-44|2011|USA|L1.1B	PQ618490	USA	2011	L1.1B
PQ618491|2011015284-41|2011|USA|L1.1B	PQ618491	USA	2011	L1.1B
PQ618492|2011033106-1|2011|USA|L1.1B	PQ618492	USA	2011	L1.1B
PQ618493|2011022907-4|2011|USA|L1.1B	PQ618493	USA	2011	L1.1B
PQ618494|2011011517-B|2011|USA|L1.1B	PQ618494	USA	2011	L1.1B
PQ618495|2011033104-2|2011|USA|L1.1B	PQ618495	USA	2011	L1.1B
PQ618496|2012000412-4|2012|USA|L1.1B	PQ618496	USA	2012	L1.1B
PQ618497|2012008638-45|2012|USA|L1.1B	PQ618497	USA	2012	L1.1B
PQ618498|2012006791-42|2012|USA|L1.1B	PQ618498	USA	2012	L1.1B
PQ618499|2012006791-32|2012|USA|L1.1B	PQ618499	USA	2012	L1.1B
PQ618500|2012023748-11|2012|USA|L1.1B	PQ618500	USA	2012	L1.1B
PQ618501|2012006791-43|2012|USA|L1.1B	PQ618501	USA	2012	L1.1B
PQ618502|2012027350-43|2012|USA|L1.1B	PQ618502	USA	2012	L1.1B
PQ618503|2012006792-59|2012|USA|L1.1B	PQ618503	USA	2012	L1.1B
PQ618504|2012006791-15|2012|USA|L1.1B	PQ618504	USA	2012	L1.1B
PQ618505|2012005247-41|2012|USA|L1.1B	PQ618505	USA	2012	L1.1B
PQ618506|2012006791-40|2012|USA|L1.1B	PQ618506	USA	2012	L1.1B
PQ618507|2012014626-1|2012|USA|L1.1B	PQ618507	USA	2012	L1.1B
PQ618508|2012006792-69|2012|USA|L1.1B	PQ618508	USA	2012	L1.1B
PQ618509|2012000421-5|2012|USA|L1.1B	PQ618509	USA	2012	L1.1B
PQ618510|2012007882-28|2012|USA|L1.1B	PQ618510	USA	2012	L1.1B
PQ618511|2012000610-19|2012|USA|L1.1B	PQ618511	USA	2012	L1.1B
PQ618512|2012027350-42|2012|USA|L1.1B	PQ618512	USA	2012	L1.1B
PQ618513|2012005247-43|2012|USA|L1.1B	PQ618513	USA	2012	L1.1B
PQ618514|2012005247-42|2012|USA|L1.1B	PQ618514	USA	2012	L1.1B
PQ618515|2012021925-43|2012|USA|L1.1B	PQ618515	USA	2012	L1.1B
PQ618516|2013001743-1|2013|USA|L1.1B	PQ618516	USA	2013	L1.1B
PQ618517|2013017025-41|2013|USA|L1.1B	PQ618517	USA	2013	L1.1B
PQ618518|2018013548-7|2018|USA|L1.1B	PQ618518	USA	2018	L1.1B
PQ618519|2018026672-7|2018|USA|L1.1B	PQ618519	USA	2018	L1.1B
PQ618520|2018008257|2018|USA|L1.1B	PQ618520	USA	2018	L1.1B
PQ618521|2019041266|2019|USA|L1.1B	PQ618521	USA	2019	L1.1B
PQ618522|2019088117|2019|USA|L1.1B	PQ618522	USA	2019	L1.1B
PQ618523|2010004777-5|2010|USA|L1.1C	PQ618523	USA	2010	L1.1C
PQ618524|2010029190-21|2010|USA|L1.1C	PQ618524	USA	2010	L1.1C
PQ618525|2010005920-21|2010|USA|L1.1C	PQ618525	USA	2010	L1.1C
PQ618526|2010007543-21|2010|USA|L1.1C	PQ618526	USA	2010	L1.1C
PQ618527|2010034566-45|2010|USA|L1.1C	PQ618527	USA	2010	L1.1C
PQ618528|2010029049-41|2010|USA|L1.1C	PQ618528	USA	2010	L1.1C
PQ618529|2010005918-42|2010|USA|L1.1C	PQ618529	USA	2010	L1.1C
PQ618530|2010029049-42|2010|USA|L1.1C	PQ618530	USA	2010	L1.1C
PQ618531|2010023536-43|2010|USA|L1.1C	PQ618531	USA	2010	L1.1C
PQ618532|2011011517-A|2011|USA|L1.1C	PQ618532	USA	2011	L1.1C
PQ618533|2011038280-34|2011|USA|L1.1C	PQ618533	USA	2011	L1.1C
PQ618534|2011036237-47|2011|USA|L1.1C	PQ618534	USA	2011	L1.1C
PQ618535|2011039505-22|2011|USA|L1.1C	PQ618535	USA	2011	L1.1C
PQ618536|2011038272-27|2011|USA|L1.1C	PQ618536	USA	2011	L1.1C
PQ618537|2011038278-46|2011|USA|L1.1C	PQ618537	USA	2011	L1.1C
PQ618538|2011038268-47|2011|USA|L1.1C	PQ618538	USA	2011	L1.1C
PQ618539|2012021915-42|2012|USA|L1.1C	PQ618539	USA	2012	L1.1C
PQ618540|2012016470-41|2012|USA|L1.1C	PQ618540	USA	2012	L1.1C
PQ618541|2012005249-42|2012|USA|L1.1C	PQ618541	USA	2012	L1.1C
PQ618542|2012011923-36|2012|USA|L1.1C	PQ618542	USA	2012	L1.1C
PQ618543|2012021914-41|2012|USA|L1.1C	PQ618543	USA	2012	L1.1C
PQ618544|2012021917-43|2012|USA|L1.1C	PQ618544	USA	2012	L1.1C
PQ618545|2012006791-24|2012|USA|L1.1C	PQ618545	USA	2012	L1.1C
PQ618546|2012009833-A|2012|USA|L1.1C	PQ618546	USA	2012	L1.1C
PQ618547|2013013449-43|2013|USA|L1.1C	PQ618547	USA	2013	L1.1C
PQ618548|2014001170-5|2014|USA|L1.1C	PQ618548	USA	2014	L1.1C
PQ618549|2015046841-GA|2015|USA|L1.1C	PQ618549	USA	2015	L1.1C
PQ618550|2016005391-GD|2016|USA|L1.1C	PQ618550	USA	2016	L1.1C
PQ618551|2019077257|2019|USA|L1.1C	PQ618551	USA	2019	L1.1C
PQ618552|2019008244|2019|USA|L1.1C	PQ618552	USA	2019	L1.1C
M96262|Lelystad|1991|Netherlands|L1.1	M96262	Netherlands	1991	L1.1
FJ908074|02SB3|2002|Thailand|L1.1	FJ908074	Thailand	2002	L1.1
JN862434|1391-05|2005|United-Kingdom|L1.1	JN862434	United-Kingdom	2005	L1.1
JN862432|1135-05|2005|United-Kingdom|L1.1	JN862432	United-Kingdom	2005	L1.1
GQ451670|CReSA-2982|2005|Spain|L1.1	GQ451670	Spain	2005	L1.1
JN862449|236-06|2006|United-Kingdom|L1.1	JN862449	United-Kingdom	2006	L1.1
JN862443|224-06|2006|United-Kingdom|L1.1	JN862443	United-Kingdom	2006	L1.1
JN862482|336-07|2007|United-Kingdom|L1.1	JN862482	United-Kingdom	2007	L1.1
JN862475|224-07|2007|United-Kingdom|L1.1	JN862475	United-Kingdom	2007	L1.1
JN862478|235-07|2007|United-Kingdom|L1.1	JN862478	United-Kingdom	2007	L1.1
JN862499|651-08|2008|United-Kingdom|L1.1	JN862499	United-Kingdom	2008	L1.1
KX361401|MG32-04-0308EU|2008|Thailand|L1.1	KX361401	Thailand	2008	L1.1
KX361387|AN912-12-1108-EU|2008|Thailand|L1.1	KX361387	Thailand	2008	L1.1
JN862500|707-08|2008|United-Kingdom|L1.1	JN862500	United-Kingdom	2008	L1.1
JN002344|4AS10EU|2010|Thailand|L1.1	JN002344	Thailand	2010	L1.1
JN002332|2PSN2S10EU|2010|Thailand|L1.1	JN002332	Thailand	2010	L1.1
JN002331|1PSN2S10EU|2010|Thailand|L1.1	JN002331	Thailand	2010	L1.1
KJ954159|AF0611-EU-12-22-E11|2010|Thailand|L1.1	KJ954159	Thailand	2010	L1.1
JN002338|3PCN2S10EU|2010|Thailand|L1.1	JN002338	Thailand	2010	L1.1
KU168955|JA-2011|2011|Hungary|L1.1	KU168955	Hungary	2011	L1.1
MN102200|30640-NEBIH-2011-HU|2011|Hungary|L1.1	MN102200	Hungary	2011	L1.1
KC862512|DK-2011-05-25-20|2011|Denmark|L1.1	KC862512	Denmark	2011	L1.1
MN102323|8442-NEBIH-2012-HU|2012|Hungary|L1.1	MN102323	Hungary	2012	L1.1
KC862520|DK-2012-10-9-3|2012|Denmark|L1.1	KC862520	Denmark	2012	L1.1
KU168923|698127|2012|Hungary|L1.1	KU168923	Hungary	2012	L1.1
KU168948|726861|2012|Hungary|L1.1	KU168948	Hungary	2012	L1.1
KU168915|697982|2012|Hungary|L1.1	KU168915	Hungary	2012	L1.1
MF600478|Croatia-5|2012|Croatia|L1.1	MF600478	Croatia	2012	L1.1
KU168928|699148|2012|Hungary|L1.1	KU168928	Hungary	2012	L1.1
MF600621|PRRSV-1-1-Slovenia-6770-2-2013|2013|Slovenia|L1.1	MF600621	Slovenia	2013	L1.1
MF600495|PRRSV-1-1-Hungary-10018120-2013|2013|Hungary|L1.1	MF600495	Hungary	2013	L1.1
MF043094|59816-13|2013|United-Kingdom|L1.1	MF043094	United-Kingdom	2013	L1.1
MF043104|59598-13|2013|United-Kingdom|L1.1	MF043104	United-Kingdom	2013	L1.1
MN102258|50500-NEBIH-2014-HU|2014|Hungary|L1.1	MN102258	Hungary	2014	L1.1
MK814064|156B-2014|2014|Slovenia|L1.1	MK814064	Slovenia	2014	L1.1
MF600580|PRRSV-1-1-Poland-MPGB2-5-2014|2014|Poland|L1.1	MF600580	Poland	2014	L1.1
MK404232|NL-GD-1-3-2015|2015|Netherlands|L1.1	MK404232	Netherlands	2015	L1.1
MK814084|188A-2015|2015|Slovenia|L1.1	MK814084	Slovenia	2015	L1.1
MN102176|22391-NEBIH-2015-HU|2015|Hungary|L1.1	MN102176	Hungary	2015	L1.1
MN102142|1304-NEBIH-2015-HU|2015|Hungary|L1.1	MN102142	Hungary	2015	L1.1
MK404236|NL-GD-1-9-2015|2015|Netherlands|L1.1	MK404236	Netherlands	2015	L1.1
MK359263|USA-ISU78021-2015|2015|USA|L1.1	MK359263	USA	2015	L1.1
MN102230|41838-NEBIH-2016-HU|2016|Hungary|L1.1	MN102230	Hungary	2016	L1.1
MN102184|25733-NEBIH-2018-HU|2018|Hungary|L1.1	MN102184	Hungary	2018	L1.1
AY615786|SE44|2004|Austria|L1.1	AY615786	Austria	2004	L1.1
AY743931|Porcilis|2004|Italy|L1.1	AY743931	Italy	2004	L1.1
AY875858|2234|2005|Austria|L1.1	AY875858	Austria	2005	L1.1
PQ618140|13-14535-29|2013|DEU-NLD-DNK|L1.1	PQ618140	DEU-NLD-DNK	2013	L1.1
PQ618141|13-15086-9|2013|DEU-NLD-DNK|L1.1	PQ618141	DEU-NLD-DNK	2013	L1.1
PQ618141|13-6752-1|2013|DEU-NLD-DNK|L1.1	PQ618141	DEU-NLD-DNK	2013	L1.1
PQ618143|14-8631-25|2014|DEU-NLD-DNK|L1.1	PQ618143	DEU-NLD-DNK	2014	L1.1
PQ618144|15-21248-13|2015|DEU-NLD-DNK|L1.1	PQ618144	DEU-NLD-DNK	2015	L1.1
PQ618145|15-22483-1|2015|DEU-NLD-DNK|L1.1	PQ618145	DEU-NLD-DNK	2015	L1.1
PQ618146|15-2080-8|2015|DEU-NLD-DNK|L1.1	PQ618146	DEU-NLD-DNK	2015	L1.1
PQ618147|15-19338-16|2015|DEU-NLD-DNK|L1.1	PQ618147	DEU-NLD-DNK	2015	L1.1
PQ618148|16-17585-1|2016|DEU-NLD-DNK|L1.1	PQ618148	DEU-NLD-DNK	2016	L1.1
PQ618149|16-3584-3|2016|DEU-NLD-DNK|L1.1	PQ618149	DEU-NLD-DNK	2016	L1.1
PQ618150|16-4545-2|2016|DEU-NLD-DNK|L1.1	PQ618150	DEU-NLD-DNK	2016	L1.1
PQ618151|16-13748-11|2016|DEU-NLD-DNK|L1.1	PQ618151	DEU-NLD-DNK	2016	L1.1
PQ618152|16-10714-9|2016|DEU-NLD-DNK|L1.1	PQ618152	DEU-NLD-DNK	2016	L1.1
PQ618153|16-4444-5|2016|DEU-NLD-DNK|L1.1	PQ618153	DEU-NLD-DNK	2016	L1.1
PQ618154|16-16589-6|2016|DEU-NLD-DNK|L1.1	PQ618154	DEU-NLD-DNK	2016	L1.1
PQ618155|16-2409-4|2016|DEU-NLD-DNK|L1.1	PQ618155	DEU-NLD-DNK	2016	L1.1
PQ618156|16-3125-25|2016|DEU-NLD-DNK|L1.1	PQ618156	DEU-NLD-DNK	2016	L1.1
PQ618157|16-14131-2|2016|DEU-NLD-DNK|L1.1	PQ618157	DEU-NLD-DNK	2016	L1.1
PQ618158|16-21723-10|2016|DEU-NLD-DNK|L1.1	PQ618158	DEU-NLD-DNK	2016	L1.1
PQ618159|16-1644-1|2016|DEU-NLD-DNK|L1.1	PQ618159	DEU-NLD-DNK	2016	L1.1
PQ618160|16-3220-1|2016|DEU-NLD-DNK|L1.1	PQ618160	DEU-NLD-DNK	2016	L1.1
PQ618161|16-20240-6|2016|DEU-NLD-DNK|L1.1	PQ618161	DEU-NLD-DNK	2016	L1.1
PQ618162|16-12737-1|2016|DEU-NLD-DNK|L1.1	PQ618162	DEU-NLD-DNK	2016	L1.1
PQ618163|16-3125-16|2016|DEU-NLD-DNK|L1.1	PQ618163	DEU-NLD-DNK	2016	L1.1
PQ618164|16-11902-20|2016|DEU-NLD-DNK|L1.1	PQ618164	DEU-NLD-DNK	2016	L1.1
PQ618165|16-3125-11|2016|DEU-NLD-DNK|L1.1	PQ618165	DEU-NLD-DNK	2016	L1.1
PQ618166|16-15161-8|2016|DEU-NLD-DNK|L1.1	PQ618166	DEU-NLD-DNK	2016	L1.1
PQ618167|17-5585-1|2017|DEU-NLD-DNK|L1.1	PQ618167	DEU-NLD-DNK	2017	L1.1
PQ618168|17-110-6|2017|DEU-NLD-DNK|L1.1	PQ618168	DEU-NLD-DNK	2017	L1.1
PQ618169|17-8834-3|2017|DEU-NLD-DNK|L1.1	PQ618169	DEU-NLD-DNK	2017	L1.1
PQ618170|17-7650-1|2017|DEU-NLD-DNK|L1.1	PQ618170	DEU-NLD-DNK	2017	L1.1
PQ618171|17-14398-1|2017|DEU-NLD-DNK|L1.1	PQ618171	DEU-NLD-DNK	2017	L1.1
PQ618172|17-1475-11|2017|DEU-NLD-DNK|L1.1	PQ618172	DEU-NLD-DNK	2017	L1.1
PQ618173|18-5996-1|2018|DEU-NLD-DNK|L1.1	PQ618173	DEU-NLD-DNK	2018	L1.1
PQ618174|18-5668-1|2018|DEU-NLD-DNK|L1.1	PQ618174	DEU-NLD-DNK	2018	L1.1
PQ618175|18-2257-6|2018|DEU-NLD-DNK|L1.1	PQ618175	DEU-NLD-DNK	2018	L1.1
PQ618176|18-24017-6|2018|DEU-NLD-DNK|L1.1	PQ618176	DEU-NLD-DNK	2018	L1.1
PQ618177|18-4352-4|2018|DEU-NLD-DNK|L1.1	PQ618177	DEU-NLD-DNK	2018	L1.1
PQ618178|19-17608-1|2019|DEU-NLD-DNK|L1.1	PQ618178	DEU-NLD-DNK	2019	L1.1
PQ618179|19-4552-1|2019|DEU-NLD-DNK|L1.1	PQ618179	DEU-NLD-DNK	2019	L1.1
PQ618180|19-3371-11|2019|DEU-NLD-DNK|L1.1	PQ618180	DEU-NLD-DNK	2019	L1.1
PQ618181|19-13191-6|2019|DEU-NLD-DNK|L1.1	PQ618181	DEU-NLD-DNK	2019	L1.1
PQ618182|19-20106-1|2019|DEU-NLD-DNK|L1.1	PQ618182	DEU-NLD-DNK	2019	L1.1
PQ618553|2011003262-E|2011|USA|L1.1	PQ618553	USA	2011	L1.1
PQ618554|2018080748-A|2018|USA|L1.1	PQ618554	USA	2018	L1.1
JF730961|Sp-2a|1991|Spain|L1.2	JF730961	Spain	1991	L1.2
KC862570|ESP-1991-Olot91|1991|Spain|L1.2	KC862570	Spain	1991	L1.2
JF730963|Sp-5a|1992|Spain|L1.2	JF730963	Spain	1992	L1.2
DQ345740|Spain-13-2000|2000|Spain|L1.2	DQ345740	Spain	2000	L1.2
GQ451667|CReSA-2752|2005|Spain|L1.2	GQ451667	Spain	2005	L1.2
GQ451676|CReSA-3267|2006|Spain|L1.2	GQ451676	Spain	2006	L1.2
KX361413|AN111-08-0708-EU|2008|Thailand|L1.2	KX361413	Thailand	2008	L1.2
KX361418|AN133-10-0908EU|2008|Thailand|L1.2	KX361418	Thailand	2008	L1.2
KF666914|CReSA-54|2008|Spain|L1.2	KF666914	Spain	2008	L1.2
GQ461593|SHE|2009|China|L1.2	GQ461593	China	2009	L1.2
MN102136|12281-NEBIH-2010-HU|2010|Hungary|L1.2	MN102136	Hungary	2010	L1.2
MF600599|PRRSV-1-1-Poland-S351Vian-2011|2011|Poland|L1.2	MF600599	Poland	2011	L1.2
KJ614514|25-A12|2012|Czech-Republic|L1.2	KJ614514	Czech-Republic	2012	L1.2
MF600489|PRRSV-1-1-Hungary-10014503-2012|2012|Hungary|L1.2	MF600489	Hungary	2012	L1.2
KX249755|CReSA228|2013|Spain|L1.2	KX249755	Spain	2013	L1.2
KT224385|HLJB1|2014|China|L1.2	KT224385	China	2014	L1.2
MN102134|11219-NEBIH-2014-HU|2014|Hungary|L1.2	MN102134	Hungary	2014	L1.2
KU666362|K15-3-E41-YD|2015|South-Korea|L1.2	KU666362	South-Korea	2015	L1.2
KX757817|JB15-E-M52-JB|2015|South-Korea|L1.2	KX757817	South-Korea	2015	L1.2
KU666368|K15-3-E47-HA|2015|South-Korea|L1.2	KU666368	South-Korea	2015	L1.2
MN102227|40753-NEBIH-2016-HU|2016|Hungary|L1.2	MN102227	Hungary	2016	L1.2
MF153490|GDJM16|2016|China|L1.2	MF153490	China	2016	L1.2
MF153494|GDQY16|2016|China|L1.2	MF153494	China	2016	L1.2
KX793069|JB16-2-E68|2016|South-Korea|L1.2	KX793069	South-Korea	2016	L1.2
MN102175|21767-NEBIH-2016-HU|2016|Hungary|L1.2	MN102175	Hungary	2016	L1.2
MN102170|20734-NEBIH-2016-HU|2016|Hungary|L1.2	MN102170	Hungary	2016	L1.2
MK814099|214A-2017|2017|Slovenia|L1.2	MK814099	Slovenia	2017	L1.2
MN102189|28168-NEBIH-2018-HU|2018|Hungary|L1.2	MN102189	Hungary	2018	L1.2
MN927228|HeB47|2018|China|L1.2	MN927228	China	2018	L1.2
EF429117|CReSA-42|2007|Spain|L1.2	EF429117	Spain	2007	L1.2
EF429114|CReSA-39|2007|Spain|L1.2	EF429114	Spain	2007	L1.2
GU067771|Unistrain-Amervac-PRRS|2009|Spain|L1.2	GU067771	Spain	2009	L1.2
DQ345726|Pyrsvac-183|2005|Spain|L1.2	DQ345726	Spain	2005	L1.2
EF429117|CReSA-42|2007|Spain|L1.2	EF429117	Spain	2007	L1.2
PQ618123|2436130520CALV|2010|Spain|L1.2	PQ618123	Spain	2010	L1.2
PQ618124|76060911IN|2011|Spain|L1.2	PQ618124	Spain	2011	L1.2
PQ618125|2108010816AL|2016|Spain|L1.2	PQ618125	Spain	2016	L1.2
PQ618126|33150318AL|2018|Spain|L1.2	PQ618126	Spain	2018	L1.2
PQ618183|14-16909-2|2014|DEU-NLD-DNK|L1.2	PQ618183	DEU-NLD-DNK	2014	L1.2
PQ618184|14-20697-6|2014|DEU-NLD-DNK|L1.2	PQ618184	DEU-NLD-DNK	2014	L1.2
PQ618185|15-7661-1|2015|DEU-NLD-DNK|L1.2	PQ618185	DEU-NLD-DNK	2015	L1.2
PQ618186|15-692-6|2015|DEU-NLD-DNK|L1.2	PQ618186	DEU-NLD-DNK	2015	L1.2
PQ618187|15-14632-3|2015|DEU-NLD-DNK|L1.2	PQ618187	DEU-NLD-DNK	2015	L1.2
PQ618188|15-7116-1|2015|DEU-NLD-DNK|L1.2	PQ618188	DEU-NLD-DNK	2015	L1.2
PQ618189|15-27123-10|2015|DEU-NLD-DNK|L1.2	PQ618189	DEU-NLD-DNK	2015	L1.2
PQ618190|15-15233-6|2015|DEU-NLD-DNK|L1.2	PQ618190	DEU-NLD-DNK	2015	L1.2
PQ618191|15-19163-3|2015|DEU-NLD-DNK|L1.2	PQ618191	DEU-NLD-DNK	2015	L1.2
PQ618192|15-6793-1|2015|DEU-NLD-DNK|L1.2	PQ618192	DEU-NLD-DNK	2015	L1.2
PQ618193|15-27123-15|2015|DEU-NLD-DNK|L1.2	PQ618193	DEU-NLD-DNK	2015	L1.2
PQ618194|15-20345-11|2015|DEU-NLD-DNK|L1.2	PQ618194	DEU-NLD-DNK	2015	L1.2
PQ618195|16-10881-1|2016|DEU-NLD-DNK|L1.2	PQ618195	DEU-NLD-DNK	2016	L1.2
PQ618196|16-10881-6|2016|DEU-NLD-DNK|L1.2	PQ618196	DEU-NLD-DNK	2016	L1.2
PQ618197|16-17425-1|2016|DEU-NLD-DNK|L1.2	PQ618197	DEU-NLD-DNK	2016	L1.2
PQ618198|17-796-6|2017|DEU-NLD-DNK|L1.2	PQ618198	DEU-NLD-DNK	2017	L1.2
PQ618199|17-19427-6|2017|DEU-NLD-DNK|L1.2	PQ618199	DEU-NLD-DNK	2017	L1.2
PQ618200|17-17939-26|2017|DEU-NLD-DNK|L1.2	PQ618200	DEU-NLD-DNK	2017	L1.2
PQ618201|17-14678-1|2017|DEU-NLD-DNK|L1.2	PQ618201	DEU-NLD-DNK	2017	L1.2
PQ618202|17-18793-2|2017|DEU-NLD-DNK|L1.2	PQ618202	DEU-NLD-DNK	2017	L1.2
PQ618203|17-11399-3|2017|DEU-NLD-DNK|L1.2	PQ618203	DEU-NLD-DNK	2017	L1.2
PQ618204|17-796-1|2017|DEU-NLD-DNK|L1.2	PQ618204	DEU-NLD-DNK	2017	L1.2
PQ618205|17-2424-4|2017|DEU-NLD-DNK|L1.2	PQ618205	DEU-NLD-DNK	2017	L1.2
PQ618206|17-2424-6|2017|DEU-NLD-DNK|L1.2	PQ618206	DEU-NLD-DNK	2017	L1.2
PQ618207|17-5599-16|2017|DEU-NLD-DNK|L1.2	PQ618207	DEU-NLD-DNK	2017	L1.2
PQ618208|17-9343-1|2017|DEU-NLD-DNK|L1.2	PQ618208	DEU-NLD-DNK	2017	L1.2
PQ618209|17-15502-1|2017|DEU-NLD-DNK|L1.2	PQ618209	DEU-NLD-DNK	2017	L1.2
PQ618210|17-12804-3|2017|DEU-NLD-DNK|L1.2	PQ618210	DEU-NLD-DNK	2017	L1.2
PQ618211|17-2375-6|2017|DEU-NLD-DNK|L1.2	PQ618211	DEU-NLD-DNK	2017	L1.2
PQ618212|17-2204-1|2017|DEU-NLD-DNK|L1.2	PQ618212	DEU-NLD-DNK	2017	L1.2
PQ618213|18-20923-2|2018|DEU-NLD-DNK|L1.2	PQ618213	DEU-NLD-DNK	2018	L1.2
PQ618214|18-19604-26|2018|DEU-NLD-DNK|L1.2	PQ618214	DEU-NLD-DNK	2018	L1.2
PQ618215|18-9917-16|2018|DEU-NLD-DNK|L1.2	PQ618215	DEU-NLD-DNK	2018	L1.2
PQ618216|18-20907-1|2018|DEU-NLD-DNK|L1.2	PQ618216	DEU-NLD-DNK	2018	L1.2
PQ618217|18-10618-1|2018|DEU-NLD-DNK|L1.2	PQ618217	DEU-NLD-DNK	2018	L1.2
PQ618218|18-7436-9|2018|DEU-NLD-DNK|L1.2	PQ618218	DEU-NLD-DNK	2018	L1.2
PQ618219|18-19433-1|2018|DEU-NLD-DNK|L1.2	PQ618219	DEU-NLD-DNK	2018	L1.2
PQ618220|18-8194-12|2018|DEU-NLD-DNK|L1.2	PQ618220	DEU-NLD-DNK	2018	L1.2
PQ618221|18-2975-1|2018|DEU-NLD-DNK|L1.2	PQ618221	DEU-NLD-DNK	2018	L1.2
PQ618222|18-9446-6|2018|DEU-NLD-DNK|L1.2	PQ618222	DEU-NLD-DNK	2018	L1.2
PQ618223|18-1457-2|2018|DEU-NLD-DNK|L1.2	PQ618223	DEU-NLD-DNK	2018	L1.2
PQ618224|18-20099-21|2018|DEU-NLD-DNK|L1.2	PQ618224	DEU-NLD-DNK	2018	L1.2
PQ618225|18-3761-11|2018|DEU-NLD-DNK|L1.2	PQ618225	DEU-NLD-DNK	2018	L1.2
PQ618226|19-23273-20|2019|DEU-NLD-DNK|L1.2	PQ618226	DEU-NLD-DNK	2019	L1.2
PQ618227|19-8617-4|2019|DEU-NLD-DNK|L1.2	PQ618227	DEU-NLD-DNK	2019	L1.2
PQ618228|19-9217-1|2019|DEU-NLD-DNK|L1.2	PQ618228	DEU-NLD-DNK	2019	L1.2
PQ618229|19-11750-13|2019|DEU-NLD-DNK|L1.2	PQ618229	DEU-NLD-DNK	2019	L1.2
PQ618230|19-22882-36|2019|DEU-NLD-DNK|L1.2	PQ618230	DEU-NLD-DNK	2019	L1.2
PQ618231|19-11575-2|2019|DEU-NLD-DNK|L1.2	PQ618231	DEU-NLD-DNK	2019	L1.2
PQ618232|19-11433-1|2019|DEU-NLD-DNK|L1.2	PQ618232	DEU-NLD-DNK	2019	L1.2
PQ618233|19-22882-26|2019|DEU-NLD-DNK|L1.2	PQ618233	DEU-NLD-DNK	2019	L1.2
PQ618234|19-4106-6|2019|DEU-NLD-DNK|L1.2	PQ618234	DEU-NLD-DNK	2019	L1.2
KT988004|PRRSFLEX-EU-ReproCyc-PRRS-EU-94881|2006|USA|L1.3	KT988004	USA	2006	L1.3
MN102156|17145-NEBIH-2016-HU|2016|Hungary|L1.3	MN102156	Hungary	2016	L1.3
MN102178|22919-NEBIH-2017-HU|2017|Hungary|L1.3	MN102178	Hungary	2017	L1.3
PQ618235|15-23881-6|2015|DEU-NLD-DNK|L1.3	PQ618235	DEU-NLD-DNK	2015	L1.3
PQ618236|15-25584-2|2015|DEU-NLD-DNK|L1.3	PQ618236	DEU-NLD-DNK	2015	L1.3
PQ618237|15-23881-9|2015|DEU-NLD-DNK|L1.3	PQ618237	DEU-NLD-DNK	2015	L1.3
PQ618238|15-22193-10|2015|DEU-NLD-DNK|L1.3	PQ618238	DEU-NLD-DNK	2015	L1.3
PQ618239|16-2639-1|2016|DEU-NLD-DNK|L1.3	PQ618239	DEU-NLD-DNK	2016	L1.3
PQ618240|16-3584-4|2016|DEU-NLD-DNK|L1.3	PQ618240	DEU-NLD-DNK	2016	L1.3
PQ618241|16-23067-1|2016|DEU-NLD-DNK|L1.3	PQ618241	DEU-NLD-DNK	2016	L1.3
PQ618242|16-5196-2|2016|DEU-NLD-DNK|L1.3	PQ618242	DEU-NLD-DNK	2016	L1.3
PQ618243|16-21857-1|2016|DEU-NLD-DNK|L1.3	PQ618243	DEU-NLD-DNK	2016	L1.3
PQ618244|16-17624-1|2016|DEU-NLD-DNK|L1.3	PQ618244	DEU-NLD-DNK	2016	L1.3
PQ618245|16-18160-11|2016|DEU-NLD-DNK|L1.3	PQ618245	DEU-NLD-DNK	2016	L1.3
PQ618246|16-18160-1|2016|DEU-NLD-DNK|L1.3	PQ618246	DEU-NLD-DNK	2016	L1.3
PQ618247|16-6324-28|2016|DEU-NLD-DNK|L1.3	PQ618247	DEU-NLD-DNK	2016	L1.3
PQ618248|17-21212-1|2017|DEU-NLD-DNK|L1.3	PQ618248	DEU-NLD-DNK	2017	L1.3
PQ618249|17-454-1|2017|DEU-NLD-DNK|L1.3	PQ618249	DEU-NLD-DNK	2017	L1.3
PQ618250|17-4399-2|2017|DEU-NLD-DNK|L1.3	PQ618250	DEU-NLD-DNK	2017	L1.3
PQ618251|17-7648-8|2017|DEU-NLD-DNK|L1.3	PQ618251	DEU-NLD-DNK	2017	L1.3
PQ618252|17-21015-1|2017|DEU-NLD-DNK|L1.3	PQ618252	DEU-NLD-DNK	2017	L1.3
PQ618253|17-2320-1|2017|DEU-NLD-DNK|L1.3	PQ618253	DEU-NLD-DNK	2017	L1.3
PQ618254|17-12003-25|2017|DEU-NLD-DNK|L1.3	PQ618254	DEU-NLD-DNK	2017	L1.3
PQ618255|17-18083-33|2017|DEU-NLD-DNK|L1.3	PQ618255	DEU-NLD-DNK	2017	L1.3
PQ618256|17-13268-1|2017|DEU-NLD-DNK|L1.3	PQ618256	DEU-NLD-DNK	2017	L1.3
PQ618257|17-8497-1|2017|DEU-NLD-DNK|L1.3	PQ618257	DEU-NLD-DNK	2017	L1.3
PQ618258|17-18573-1|2017|DEU-NLD-DNK|L1.3	PQ618258	DEU-NLD-DNK	2017	L1.3
PQ618259|17-20389-5|2017|DEU-NLD-DNK|L1.3	PQ618259	DEU-NLD-DNK	2017	L1.3
PQ618260|17-696-18|2017|DEU-NLD-DNK|L1.3	PQ618260	DEU-NLD-DNK	2017	L1.3
PQ618261|17-11144-2|2017|DEU-NLD-DNK|L1.3	PQ618261	DEU-NLD-DNK	2017	L1.3
PQ618262|18-18960-9|2018|DEU-NLD-DNK|L1.3	PQ618262	DEU-NLD-DNK	2018	L1.3
PQ618263|18-13167-26|2018|DEU-NLD-DNK|L1.3	PQ618263	DEU-NLD-DNK	2018	L1.3
PQ618264|18-17076-1|2018|DEU-NLD-DNK|L1.3	PQ618264	DEU-NLD-DNK	2018	L1.3
PQ618265|18-21135-1|2018|DEU-NLD-DNK|L1.3	PQ618265	DEU-NLD-DNK	2018	L1.3
PQ618266|18-18150-1|2018|DEU-NLD-DNK|L1.3	PQ618266	DEU-NLD-DNK	2018	L1.3
PQ618267|18-12238-1|2018|DEU-NLD-DNK|L1.3	PQ618267	DEU-NLD-DNK	2018	L1.3
PQ618268|18-7604-16|2018|DEU-NLD-DNK|L1.3	PQ618268	DEU-NLD-DNK	2018	L1.3
PQ618269|18-6639-1|2018|DEU-NLD-DNK|L1.3	PQ618269	DEU-NLD-DNK	2018	L1.3
PQ618270|18-16571-1|2018|DEU-NLD-DNK|L1.3	PQ618270	DEU-NLD-DNK	2018	L1.3
PQ618271|18-14720-3|2018|DEU-NLD-DNK|L1.3	PQ618271	DEU-NLD-DNK	2018	L1.3
PQ618272|18-15919-1|2018|DEU-NLD-DNK|L1.3	PQ618272	DEU-NLD-DNK	2018	L1.3
PQ618273|18-8976-11|2018|DEU-NLD-DNK|L1.3	PQ618273	DEU-NLD-DNK	2018	L1.3
PQ618274|18-6014-2|2018|DEU-NLD-DNK|L1.3	PQ618274	DEU-NLD-DNK	2018	L1.3
PQ618275|19-15247-1|2019|DEU-NLD-DNK|L1.3	PQ618275	DEU-NLD-DNK	2019	L1.3
PQ618276|19-21226-2|2019|DEU-NLD-DNK|L1.3	PQ618276	DEU-NLD-DNK	2019	L1.3
PQ618277|19-4821-87|2019|DEU-NLD-DNK|L1.3	PQ618277	DEU-NLD-DNK	2019	L1.3
PQ618278|19-19138-17|2019|DEU-NLD-DNK|L1.3	PQ618278	DEU-NLD-DNK	2019	L1.3
PQ618279|19-17587-6|2019|DEU-NLD-DNK|L1.3	PQ618279	DEU-NLD-DNK	2019	L1.3
PQ618280|19-6116-1|2019|DEU-NLD-DNK|L1.3	PQ618280	DEU-NLD-DNK	2019	L1.3
PQ618281|19-8532-2|2019|DEU-NLD-DNK|L1.3	PQ618281	DEU-NLD-DNK	2019	L1.3
AF378805|Bie94|1994|Poland|L1.4	AF378805	Poland	1994	L1.4
AF378810|Bie97|1997|Poland|L1.4	AF378810	Poland	1997	L1.4
AF378808|Zbr|1997|Poland|L1.4	AF378808	Poland	1997	L1.4
AF378816|Gro|2000|Poland|L1.4	AF378816	Poland	2000	L1.4
AF378818|Bie01|2001|Poland|L1.4	AF378818	Poland	2001	L1.4
MF600565|Poland-Gol|2004|Poland|L1.4	MF600565	Poland	2004	L1.4
JF730994|EU-12a--CHE|2005|Poland|L1.4	JF730994	Poland	2005	L1.4
DQ324679|Prz-60-70|2005|Poland|L1.4	DQ324679	Poland	2005	L1.4
DQ324680|Prz-71-75|2005|Poland|L1.4	DQ324680	Poland	2005	L1.4
DQ324673|Che-46|2005|Poland|L1.4	DQ324673	Poland	2005	L1.4
DQ324688|Upa-13|2005|Poland|L1.4	DQ324688	Poland	2005	L1.4
MF600556|PRRSV-1-1-Poland-16410-4-2010|2010|Poland|L1.4	MF600556	Poland	2010	L1.4
MF600557|PRRSV-1-1-Poland-16410-8-2010|2010|Poland|L1.4	MF600557	Poland	2010	L1.4
MF600541|PRRSV-1-1-Poland-01104-14.3-2011|2011|Poland|L1.4	MF600541	Poland	2011	L1.4
AY641473|U-EU|2004|Poland|L1.4	AY641473	Poland	2004	L1.4
AY035936|65-2-91|1991|Spain|L1.5	AY035936	Spain	1991	L1.5
KF203132|Olot-91|1991|Spain|L1.5	KF203132	Spain	1991	L1.5
JN651728|Stendal-V953|1996|Germany|L1.5	JN651728	Germany	1996	L1.5
MN102211|3340-NEBIH-2012-HU|2012|Hungary|L1.5	MN102211	Hungary	2012	L1.5
MN102225|40551-NEBIH-2014-HU|2014|Hungary|L1.5	MN102225	Hungary	2014	L1.5
MN102203|30860-NEBIH-2016-HU|2016|Hungary|L1.5	MN102203	Hungary	2016	L1.5
PQ618282|15-24581-1|2015|DEU-NLD-DNK|L1.5	PQ618282	DEU-NLD-DNK	2015	L1.5
PQ618283|16-9623-4|2016|DEU-NLD-DNK|L1.5	PQ618283	DEU-NLD-DNK	2016	L1.5
PQ618284|17-649-2|2017|DEU-NLD-DNK|L1.5	PQ618284	DEU-NLD-DNK	2017	L1.5
AY035937|L51-2-92|1992|Spain|L1.6	AY035937	Spain	1992	L1.6
DQ345751|Spain-24-2002|2002|Spain|L1.6	DQ345751	Spain	2002	L1.6
FJ705377|H-01-2a|2003|Germany|L1.6	FJ705377	Germany	2003	L1.6
FJ705394|H-06-1a|2004|Germany|L1.6	FJ705394	Germany	2004	L1.6
FJ705401|H-13-1a|2004|Germany|L1.6	FJ705401	Germany	2004	L1.6
JQ656014|K07-0643|2007|South-Korea|L1.6	JQ656014	South-Korea	2007	L1.6
KF666910|CReSA-50|2007|Spain|L1.6	KF666910	Spain	2007	L1.6
GQ847579|D196|2008|South-Korea|L1.6	GQ847579	South-Korea	2008	L1.6
JQ656028|K08-0317|2008|South-Korea|L1.6	JQ656028	South-Korea	2008	L1.6
GQ847578|D176|2008|South-Korea|L1.6	GQ847578	South-Korea	2008	L1.6
JQ656040|K08-0373|2008|South-Korea|L1.6	JQ656040	South-Korea	2008	L1.6
GU325647|G2446|2008|South-Korea|L1.6	GU325647	South-Korea	2008	L1.6
GU325645|G302|2008|South-Korea|L1.6	GU325645	South-Korea	2008	L1.6
JQ656072|K08-1069|2008|South-Korea|L1.6	JQ656072	South-Korea	2008	L1.6
JQ656127|K09-1352|2009|South-Korea|L1.6	JQ656127	South-Korea	2009	L1.6
JQ656113|K09-1326|2009|South-Korea|L1.6	JQ656113	South-Korea	2009	L1.6
JQ656081|K09-1245|2009|South-Korea|L1.6	JQ656081	South-Korea	2009	L1.6
KF666923|CReSA-63|2010|Spain|L1.6	KF666923	Spain	2010	L1.6
JX570659|S6126-3|2010|South-Korea|L1.6	JX570659	South-Korea	2010	L1.6
JX570662|S6651-4|2011|South-Korea|L1.6	JX570662	South-Korea	2011	L1.6
KF360893|S7572-3|2012|South-Korea|L1.6	KF360893	South-Korea	2012	L1.6
KF360886|S7683-3|2012|South-Korea|L1.6	KF360886	South-Korea	2012	L1.6
KF360877|CP12-484-1|2012|South-Korea|L1.6	KF360877	South-Korea	2012	L1.6
KF360960|S7779-2|2013|South-Korea|L1.6	KF360960	South-Korea	2013	L1.6
KR559575|K13-026|2013|South-Korea|L1.6	KR559575	South-Korea	2013	L1.6
KR921424|K13-003|2013|South-Korea|L1.6	KR921424	South-Korea	2013	L1.6
KX809902|16-1-4|2014|South-Korea|L1.6	KX809902	South-Korea	2014	L1.6
KR559630|K14-173|2014|South-Korea|L1.6	KR559630	South-Korea	2014	L1.6
KR559587|K14-095|2014|South-Korea|L1.6	KR559587	South-Korea	2014	L1.6
KU666262|K14-2-E3-GH|2014|South-Korea|L1.6	KU666262	South-Korea	2014	L1.6
KR921434|K14-154|2014|South-Korea|L1.6	KR921434	South-Korea	2014	L1.6
KR559602|K14-134|2014|South-Korea|L1.6	KR559602	South-Korea	2014	L1.6
KR559655|K14-203|2014|South-Korea|L1.6	KR559655	South-Korea	2014	L1.6
KU666276|K14-2-E19-GS|2014|South-Korea|L1.6	KU666276	South-Korea	2014	L1.6
KR559580|K14-050|2014|South-Korea|L1.6	KR559580	South-Korea	2014	L1.6
KU666318|K14-4-E29-HC|2014|South-Korea|L1.6	KU666318	South-Korea	2014	L1.6
KU666293|K14-4-E4-GS|2014|South-Korea|L1.6	KU666293	South-Korea	2014	L1.6
KU666247|K14-1-E67-GH|2014|South-Korea|L1.6	KU666247	South-Korea	2014	L1.6
KR559604|K14-136|2014|South-Korea|L1.6	KR559604	South-Korea	2014	L1.6
KR559632|K14-175|2014|South-Korea|L1.6	KR559632	South-Korea	2014	L1.6
KR559588|K14-099|2014|South-Korea|L1.6	KR559588	South-Korea	2014	L1.6
KR559649|K14-197|2014|South-Korea|L1.6	KR559649	South-Korea	2014	L1.6
KU666263|K14-2-E4-MY|2014|South-Korea|L1.6	KU666263	South-Korea	2014	L1.6
KR559577|K14-036|2014|South-Korea|L1.6	KR559577	South-Korea	2014	L1.6
KU666291|K14-4-E2-US|2014|South-Korea|L1.6	KU666291	South-Korea	2014	L1.6
KT257727|MANI-24|2015|South-Korea|L1.6	KT257727	South-Korea	2015	L1.6
KU666232|JB15-E57-CN|2015|South-Korea|L1.6	KU666232	South-Korea	2015	L1.6
KU666234|JB15-E60-GG|2015|South-Korea|L1.6	KU666234	South-Korea	2015	L1.6
KU666344|K15-3-E21-GS|2015|South-Korea|L1.6	KU666344	South-Korea	2015	L1.6
KU666360|K15-3-E39-CW|2015|South-Korea|L1.6	KU666360	South-Korea	2015	L1.6
KR559669|K15-024|2015|South-Korea|L1.6	KR559669	South-Korea	2015	L1.6
KU666355|K15-3-E34-GS|2015|South-Korea|L1.6	KU666355	South-Korea	2015	L1.6
KX793091|K15-E23-GG|2015|South-Korea|L1.6	KX793091	South-Korea	2015	L1.6
KY996327|KU-E1501|2015|South-Korea|L1.6	KY996327	South-Korea	2015	L1.6
KU666218|JB15-E29-GN|2015|South-Korea|L1.6	KU666218	South-Korea	2015	L1.6
KU666359|K15-3-E38-GH|2015|South-Korea|L1.6	KU666359	South-Korea	2015	L1.6
KR921445|K15-019|2015|South-Korea|L1.6	KR921445	South-Korea	2015	L1.6
KX793062|JB16-2-E32|2016|South-Korea|L1.6	KX793062	South-Korea	2016	L1.6
MN102135|11928-NEBIH-2016-HU|2016|Hungary|L1.6	MN102135	Hungary	2016	L1.6
KY996332|KU-E1601|2016|South-Korea|L1.6	KY996332	South-Korea	2016	L1.6
KX793064|JB16-2-E40|2016|South-Korea|L1.6	KX793064	South-Korea	2016	L1.6
KX793057|JB16-2-E1|2016|South-Korea|L1.6	KX793057	South-Korea	2016	L1.6
MK814095|207A-2016|2016|Slovenia|L1.6	MK814095	Slovenia	2016	L1.6
KX793068|JB16-2-E63|2016|South-Korea|L1.6	KX793068	South-Korea	2016	L1.6
MN102138|12623-NEBIH-2017-HU|2017|Hungary|L1.6	MN102138	Hungary	2017	L1.6
EF031042|CP6874|2006|South-Korea|L1.6	EF031042	South-Korea	2006	L1.6
EF429109|CReSA-34|2007|Spain|L1.6	EF429109	Spain	2007	L1.6
EF031041|CP6871|2006|South-Korea|L1.6	EF031041	South-Korea	2006	L1.6
PQ618127|2198180316PL|2016|Spain|L1.6	PQ618127	Spain	2016	L1.6
PQ618128|1056190517AU|2017|Spain|L1.6	PQ618128	Spain	2017	L1.6
PQ618129|213210318SE|2018|Spain|L1.6	PQ618129	Spain	2018	L1.6
PQ618285|14-21871-1|2014|DEU-NLD-DNK|L1.6	PQ618285	DEU-NLD-DNK	2014	L1.6
PQ618286|15-21099-6|2015|DEU-NLD-DNK|L1.6	PQ618286	DEU-NLD-DNK	2015	L1.6
PQ618287|15-18050-2|2015|DEU-NLD-DNK|L1.6	PQ618287	DEU-NLD-DNK	2015	L1.6
PQ618288|15-4722-7|2015|DEU-NLD-DNK|L1.6	PQ618288	DEU-NLD-DNK	2015	L1.6
PQ618289|15-926-1|2015|DEU-NLD-DNK|L1.6	PQ618289	DEU-NLD-DNK	2015	L1.6
PQ618290|15-19214-4|2015|DEU-NLD-DNK|L1.6	PQ618290	DEU-NLD-DNK	2015	L1.6
PQ618291|15-18656-1|2015|DEU-NLD-DNK|L1.6	PQ618291	DEU-NLD-DNK	2015	L1.6
PQ618292|16-4864-6|2016|DEU-NLD-DNK|L1.6	PQ618292	DEU-NLD-DNK	2016	L1.6
PQ618293|16-3584-14|2016|DEU-NLD-DNK|L1.6	PQ618293	DEU-NLD-DNK	2016	L1.6
PQ618294|16-18997-2|2016|DEU-NLD-DNK|L1.6	PQ618294	DEU-NLD-DNK	2016	L1.6
PQ618295|16-15981-1|2016|DEU-NLD-DNK|L1.6	PQ618295	DEU-NLD-DNK	2016	L1.6
PQ618296|16-16829-4|2016|DEU-NLD-DNK|L1.6	PQ618296	DEU-NLD-DNK	2016	L1.6
PQ618297|16-4267-46|2016|DEU-NLD-DNK|L1.6	PQ618297	DEU-NLD-DNK	2016	L1.6
PQ618298|17-7434-1|2017|DEU-NLD-DNK|L1.6	PQ618298	DEU-NLD-DNK	2017	L1.6
PQ618299|17-3482-11|2017|DEU-NLD-DNK|L1.6	PQ618299	DEU-NLD-DNK	2017	L1.6
PQ618300|17-21569-1|2017|DEU-NLD-DNK|L1.6	PQ618300	DEU-NLD-DNK	2017	L1.6
PQ618301|17-8624-6|2017|DEU-NLD-DNK|L1.6	PQ618301	DEU-NLD-DNK	2017	L1.6
PQ618302|17-8905-1|2017|DEU-NLD-DNK|L1.6	PQ618302	DEU-NLD-DNK	2017	L1.6
PQ618303|17-3482-12|2017|DEU-NLD-DNK|L1.6	PQ618303	DEU-NLD-DNK	2017	L1.6
PQ618304|18-11323-3|2018|DEU-NLD-DNK|L1.6	PQ618304	DEU-NLD-DNK	2018	L1.6
PQ618305|18-21602-6|2018|DEU-NLD-DNK|L1.6	PQ618305	DEU-NLD-DNK	2018	L1.6
PQ618306|18-23246-1|2018|DEU-NLD-DNK|L1.6	PQ618306	DEU-NLD-DNK	2018	L1.6
PQ618307|18-11323-1|2018|DEU-NLD-DNK|L1.6	PQ618307	DEU-NLD-DNK	2018	L1.6
KT265738|Acro|2015|Austria|L1.7	KT265738	Austria	2015	L1.7
MK404285|NL-GD-5-18-2015|2015|Netherlands|L1.7	MK404285	Netherlands	2015	L1.7
PQ618308|15-22228-6|2015|DEU-NLD-DNK|L1.7	PQ618308	DEU-NLD-DNK	2015	L1.7
PQ618309|15-5758-4|2015|DEU-NLD-DNK|L1.7	PQ618309	DEU-NLD-DNK	2015	L1.7
PQ618310|16-18417-11|2016|DEU-NLD-DNK|L1.7	PQ618310	DEU-NLD-DNK	2016	L1.7
PQ618311|16-3058-1|2016|DEU-NLD-DNK|L1.7	PQ618311	DEU-NLD-DNK	2016	L1.7
PQ618312|16-1340-1|2016|DEU-NLD-DNK|L1.7	PQ618312	DEU-NLD-DNK	2016	L1.7
PQ618313|16-3034-11|2016|DEU-NLD-DNK|L1.7	PQ618313	DEU-NLD-DNK	2016	L1.7
PQ618314|17-214-2|2017|DEU-NLD-DNK|L1.7	PQ618314	DEU-NLD-DNK	2017	L1.7
PQ618315|17-5153-1|2017|DEU-NLD-DNK|L1.7	PQ618315	DEU-NLD-DNK	2017	L1.7
PQ618316|17-1917-1|2017|DEU-NLD-DNK|L1.7	PQ618316	DEU-NLD-DNK	2017	L1.7
PQ618317|17-19207-7|2017|DEU-NLD-DNK|L1.7	PQ618317	DEU-NLD-DNK	2017	L1.7
PQ618318|18-9073-1|2018|DEU-NLD-DNK|L1.7	PQ618318	DEU-NLD-DNK	2018	L1.7
PQ618319|18-10462-40|2018|DEU-NLD-DNK|L1.7	PQ618319	DEU-NLD-DNK	2018	L1.7
PQ618320|18-19081-6|2018|DEU-NLD-DNK|L1.7	PQ618320	DEU-NLD-DNK	2018	L1.7
PQ618321|18-3761-2|2018|DEU-NLD-DNK|L1.7	PQ618321	DEU-NLD-DNK	2018	L1.7
PQ618322|18-1001-11|2018|DEU-NLD-DNK|L1.7	PQ618322	DEU-NLD-DNK	2018	L1.7
PQ618323|19-5447-1|2019|DEU-NLD-DNK|L1.7	PQ618323	DEU-NLD-DNK	2019	L1.7
PQ618324|19-23540-2|2019|DEU-NLD-DNK|L1.7	PQ618324	DEU-NLD-DNK	2019	L1.7
PQ618325|19-20018-1|2019|DEU-NLD-DNK|L1.7	PQ618325	DEU-NLD-DNK	2019	L1.7
MK404237|NL-GD-1-12-2015|2015|Netherlands|L1.8	MK404237	Netherlands	2015	L1.8
MK814046|30AE-2016|2016|Slovenia|L1.8	MK814046	Slovenia	2016	L1.8
PQ618326|14-2759-2|2014|DEU-NLD-DNK|L1.8	PQ618326	DEU-NLD-DNK	2014	L1.8
PQ618327|16-9027-1|2016|DEU-NLD-DNK|L1.8	PQ618327	DEU-NLD-DNK	2016	L1.8
PQ618328|16-18503-2|2016|DEU-NLD-DNK|L1.8	PQ618328	DEU-NLD-DNK	2016	L1.8
PQ618329|16-9983-17|2016|DEU-NLD-DNK|L1.8	PQ618329	DEU-NLD-DNK	2016	L1.8
PQ618330|16-22584-13|2016|DEU-NLD-DNK|L1.8	PQ618330	DEU-NLD-DNK	2016	L1.8
PQ618331|16-9069-2|2016|DEU-NLD-DNK|L1.8	PQ618331	DEU-NLD-DNK	2016	L1.8
PQ618332|16-17701-1|2016|DEU-NLD-DNK|L1.8	PQ618332	DEU-NLD-DNK	2016	L1.8
PQ618333|16-6781-1|2016|DEU-NLD-DNK|L1.8	PQ618333	DEU-NLD-DNK	2016	L1.8
PQ618334|16-6532-8|2016|DEU-NLD-DNK|L1.8	PQ618334	DEU-NLD-DNK	2016	L1.8
PQ618335|16-1906-1|2016|DEU-NLD-DNK|L1.8	PQ618335	DEU-NLD-DNK	2016	L1.8
PQ618336|16-2969-1|2016|DEU-NLD-DNK|L1.8	PQ618336	DEU-NLD-DNK	2016	L1.8
PQ618337|16-6171-1|2016|DEU-NLD-DNK|L1.8	PQ618337	DEU-NLD-DNK	2016	L1.8
PQ618338|17-17258-2|2017|DEU-NLD-DNK|L1.8	PQ618338	DEU-NLD-DNK	2017	L1.8
PQ618339|17-17699-1|2017|DEU-NLD-DNK|L1.8	PQ618339	DEU-NLD-DNK	2017	L1.8
PQ618340|17-16478-5|2017|DEU-NLD-DNK|L1.8	PQ618340	DEU-NLD-DNK	2017	L1.8
PQ618341|17-10890-1|2017|DEU-NLD-DNK|L1.8	PQ618341	DEU-NLD-DNK	2017	L1.8
PQ618342|17-1788-5|2017|DEU-NLD-DNK|L1.8	PQ618342	DEU-NLD-DNK	2017	L1.8
PQ618343|17-9801-31|2017|DEU-NLD-DNK|L1.8	PQ618343	DEU-NLD-DNK	2017	L1.8
PQ618344|17-1986-2|2017|DEU-NLD-DNK|L1.8	PQ618344	DEU-NLD-DNK	2017	L1.8
PQ618345|17-18774-1|2017|DEU-NLD-DNK|L1.8	PQ618345	DEU-NLD-DNK	2017	L1.8
PQ618346|18-20934-1|2018|DEU-NLD-DNK|L1.8	PQ618346	DEU-NLD-DNK	2018	L1.8
PQ618347|18-5533-1|2018|DEU-NLD-DNK|L1.8	PQ618347	DEU-NLD-DNK	2018	L1.8
PQ618348|18-565-1|2018|DEU-NLD-DNK|L1.8	PQ618348	DEU-NLD-DNK	2018	L1.8
PQ618349|18-1017-1|2018|DEU-NLD-DNK|L1.8	PQ618349	DEU-NLD-DNK	2018	L1.8
PQ618350|18-5433-1|2018|DEU-NLD-DNK|L1.8	PQ618350	DEU-NLD-DNK	2018	L1.8
PQ618351|18-7343-6|2018|DEU-NLD-DNK|L1.8	PQ618351	DEU-NLD-DNK	2018	L1.8
PQ618352|18-330-1|2018|DEU-NLD-DNK|L1.8	PQ618352	DEU-NLD-DNK	2018	L1.8
PQ618353|18-7588-1|2018|DEU-NLD-DNK|L1.8	PQ618353	DEU-NLD-DNK	2018	L1.8
PQ618354|18-14988-1|2018|DEU-NLD-DNK|L1.8	PQ618354	DEU-NLD-DNK	2018	L1.8
PQ618355|18-4235-6|2018|DEU-NLD-DNK|L1.8	PQ618355	DEU-NLD-DNK	2018	L1.8
PQ618356|19-7701-1|2019|DEU-NLD-DNK|L1.8	PQ618356	DEU-NLD-DNK	2019	L1.8
PQ618357|19-965-1|2019|DEU-NLD-DNK|L1.8	PQ618357	DEU-NLD-DNK	2019	L1.8
PQ618358|19-129-11|2019|DEU-NLD-DNK|L1.8	PQ618358	DEU-NLD-DNK	2019	L1.8
PQ618359|19-21729-1|2019|DEU-NLD-DNK|L1.8	PQ618359	DEU-NLD-DNK	2019	L1.8
PQ618360|19-14845-6|2019|DEU-NLD-DNK|L1.8	PQ618360	DEU-NLD-DNK	2019	L1.8
PQ618361|19-5910-1|2019|DEU-NLD-DNK|L1.8	PQ618361	DEU-NLD-DNK	2019	L1.8
PQ618362|19-4809-1|2019|DEU-NLD-DNK|L1.8	PQ618362	DEU-NLD-DNK	2019	L1.8
PQ618363|19-13806-1|2019|DEU-NLD-DNK|L1.8	PQ618363	DEU-NLD-DNK	2019	L1.8
MF600550|PRRSV-1-1-Poland-3191-5-2010|2010|Poland|L1.9	MF600550	Poland	2010	L1.9
MF600535|PRRSV-1-1-Poland-495-5PK-2011|2011|Poland|L1.9	MF600535	Poland	2011	L1.9
MF600598|PRRSV-1-1-Poland-RJ2085-1-4-2014|2014|Poland|L1.9	MF600598	Poland	2014	L1.9
MF600578|PRRSV-1-1-Poland-MPGB1-26F-2014|2014|Poland|L1.9	MF600578	Poland	2014	L1.9
MK404283|NL-GD-5-13-2015|2015|Netherlands|L1.9	MK404283	Netherlands	2015	L1.9
MH463458|HU19483-2016|2016|Hungary|L1.9	MH463458	Hungary	2016	L1.9
MN102263|51533-NEBIH-2016-HU|2016|Hungary|L1.9	MN102263	Hungary	2016	L1.9
MN102130|10083-2-NEBIH-2018-HU|2018|Hungary|L1.9	MN102130	Hungary	2018	L1.9
PQ618130|1408170119RE|2019|Spain|L1.9	PQ618130	Spain	2019	L1.9
PQ618364|13-10839-2|2013|DEU-NLD-DNK|L1.9	PQ618364	DEU-NLD-DNK	2013	L1.9
PQ618365|14-7566-9|2014|DEU-NLD-DNK|L1.9	PQ618365	DEU-NLD-DNK	2014	L1.9
PQ618366|14-11776-11|2014|DEU-NLD-DNK|L1.9	PQ618366	DEU-NLD-DNK	2014	L1.9
PQ618367|15-14435-36|2015|DEU-NLD-DNK|L1.9	PQ618367	DEU-NLD-DNK	2015	L1.9
PQ618368|15-15232-1|2015|DEU-NLD-DNK|L1.9	PQ618368	DEU-NLD-DNK	2015	L1.9
PQ618369|15-6396-2|2015|DEU-NLD-DNK|L1.9	PQ618369	DEU-NLD-DNK	2015	L1.9
PQ618370|15-8406-4|2015|DEU-NLD-DNK|L1.9	PQ618370	DEU-NLD-DNK	2015	L1.9
PQ618371|15-19612-2|2015|DEU-NLD-DNK|L1.9	PQ618371	DEU-NLD-DNK	2015	L1.9
PQ618372|15-11162-5|2015|DEU-NLD-DNK|L1.9	PQ618372	DEU-NLD-DNK	2015	L1.9
PQ618373|16-19510-1|2016|DEU-NLD-DNK|L1.9	PQ618373	DEU-NLD-DNK	2016	L1.9
PQ618374|16-209-1|2016|DEU-NLD-DNK|L1.9	PQ618374	DEU-NLD-DNK	2016	L1.9
PQ618375|16-8726-21|2016|DEU-NLD-DNK|L1.9	PQ618375	DEU-NLD-DNK	2016	L1.9
PQ618376|16-22772-9|2016|DEU-NLD-DNK|L1.9	PQ618376	DEU-NLD-DNK	2016	L1.9
PQ618377|16-15345-11|2016|DEU-NLD-DNK|L1.9	PQ618377	DEU-NLD-DNK	2016	L1.9
PQ618378|16-23374-1|2016|DEU-NLD-DNK|L1.9	PQ618378	DEU-NLD-DNK	2016	L1.9
PQ618379|16-15837-3|2016|DEU-NLD-DNK|L1.9	PQ618379	DEU-NLD-DNK	2016	L1.9
PQ618380|16-12896-2|2016|DEU-NLD-DNK|L1.9	PQ618380	DEU-NLD-DNK	2016	L1.9
PQ618381|16-11532-14|2016|DEU-NLD-DNK|L1.9	PQ618381	DEU-NLD-DNK	2016	L1.9
PQ618382|16-8010-2|2016|DEU-NLD-DNK|L1.9	PQ618382	DEU-NLD-DNK	2016	L1.9
PQ618383|16-7572-2|2016|DEU-NLD-DNK|L1.9	PQ618383	DEU-NLD-DNK	2016	L1.9
PQ618384|17-14402-1|2017|DEU-NLD-DNK|L1.9	PQ618384	DEU-NLD-DNK	2017	L1.9
PQ618385|17-13215-3|2017|DEU-NLD-DNK|L1.9	PQ618385	DEU-NLD-DNK	2017	L1.9
PQ618386|17-7146-9|2017|DEU-NLD-DNK|L1.9	PQ618386	DEU-NLD-DNK	2017	L1.9
PQ618387|17-2359-6|2017|DEU-NLD-DNK|L1.9	PQ618387	DEU-NLD-DNK	2017	L1.9
PQ618388|17-6168-24|2017|DEU-NLD-DNK|L1.9	PQ618388	DEU-NLD-DNK	2017	L1.9
PQ618389|17-12092-1|2017|DEU-NLD-DNK|L1.9	PQ618389	DEU-NLD-DNK	2017	L1.9
PQ618390|17-7876-6|2017|DEU-NLD-DNK|L1.9	PQ618390	DEU-NLD-DNK	2017	L1.9
PQ618391|17-17629-1|2017|DEU-NLD-DNK|L1.9	PQ618391	DEU-NLD-DNK	2017	L1.9
PQ618392|18-8488-26|2018|DEU-NLD-DNK|L1.9	PQ618392	DEU-NLD-DNK	2018	L1.9
PQ618393|18-1574-2|2018|DEU-NLD-DNK|L1.9	PQ618393	DEU-NLD-DNK	2018	L1.9
PQ618394|18-1870-1|2018|DEU-NLD-DNK|L1.9	PQ618394	DEU-NLD-DNK	2018	L1.9
PQ618395|18-10019-2|2018|DEU-NLD-DNK|L1.9	PQ618395	DEU-NLD-DNK	2018	L1.9
PQ618396|18-12154-1|2018|DEU-NLD-DNK|L1.9	PQ618396	DEU-NLD-DNK	2018	L1.9
PQ618397|18-13544-16|2018|DEU-NLD-DNK|L1.9	PQ618397	DEU-NLD-DNK	2018	L1.9
PQ618398|18-22790-1|2018|DEU-NLD-DNK|L1.9	PQ618398	DEU-NLD-DNK	2018	L1.9
PQ618399|19-21604-46|2019|DEU-NLD-DNK|L1.9	PQ618399	DEU-NLD-DNK	2019	L1.9
PQ618400|19-3800-1|2019|DEU-NLD-DNK|L1.9	PQ618400	DEU-NLD-DNK	2019	L1.9
PQ618401|19-6316-1|2019|DEU-NLD-DNK|L1.9	PQ618401	DEU-NLD-DNK	2019	L1.9
PQ618402|19-4122-2|2019|DEU-NLD-DNK|L1.9	PQ618402	DEU-NLD-DNK	2019	L1.9
AY035912|28639-98|1998|Denmark|L1.10	AY035912	Denmark	1998	L1.10
AY035911|25434-98|1998|Denmark|L1.10	AY035911	Denmark	1998	L1.10
KC862572|DK-2003-7-2|2003|Denmark|L1.10	KC862572	Denmark	2003	L1.10
KC862530|DK-2003-6-2|2003|Denmark|L1.10	KC862530	Denmark	2003	L1.10
KC862533|DK-2003-6-3|2003|Denmark|L1.10	KC862533	Denmark	2003	L1.10
KF662722|DK-2007-10-1-1|2007|Denmark|L1.10	KF662722	Denmark	2007	L1.10
KC862529|DK-2007-80-2-1|2007|Denmark|L1.10	KC862529	Denmark	2007	L1.10
GU047340|NMEU09-2|2009|China|L1.10	GU047340	China	2009	L1.10
GU047345|NMEU09-1|2009|China|L1.10	GU047345	China	2009	L1.10
GU047342|NMEU09-4|2009|China|L1.10	GU047342	China	2009	L1.10
KC492505|NVDC-NM3|2011|China|L1.10	KC492505	China	2011	L1.10
KC862516|DK-2011-30-9-17|2011|Denmark|L1.10	KC862516	Denmark	2011	L1.10
KJ614499|10-P11|2011|Czech-Republic|L1.10	KJ614499	Czech-Republic	2011	L1.10
KC862522|DK-2012-08-21-32|2012|Denmark|L1.10	KC862522	Denmark	2012	L1.10
MN102141|12780-NEBIH-2012-HU|2012|Hungary|L1.10	MN102141	Hungary	2012	L1.10
MF153486|GDFS16|2016|China|L1.10	MF153486	China	2016	L1.10
MF153489|GDHZ16|2016|China|L1.10	MF153489	China	2016	L1.10
MN102273|54182-NEBIH-2016-HU|2016|Hungary|L1.10	MN102273	Hungary	2016	L1.10
MF153489|GDHZ16|2016|China|L1.10	MF153489	China	2016	L1.10
PQ618403|15-8301-6|2015|DEU-NLD-DNK|L1.10	PQ618403	DEU-NLD-DNK	2015	L1.10
MK876228|Suvaxyn-96V198|1996|Belgium|L1.11	MK876228	Belgium	1996	L1.11
KF698634|EU-TH-LRI011-2008|2008|Thailand|L1.11	KF698634	Thailand	2008	L1.11
KX361420|AG05-14-EU-3.482|2009|Thailand|L1.11	KX361420	Thailand	2009	L1.11
KJ954158|AG0611-EU-12-16-B10|2010|Thailand|L1.11	KJ954158	Thailand	2010	L1.11
KJ954163|AS0911-EU-14-36-F06|2010|Thailand|L1.11	KJ954163	Thailand	2010	L1.11
JN002354|2AG10EU|2010|Thailand|L1.11	JN002354	Thailand	2010	L1.11
KJ954162|AN0911-EU-14-38-C07|2010|Thailand|L1.11	KJ954162	Thailand	2010	L1.11
JN696103|E63|2010|South-Korea|L1.11	JN696103	South-Korea	2010	L1.11
JQ040760|AG12EU7.66-G06|2010|Thailand|L1.11	JQ040760	Thailand	2010	L1.11
JN696101|E61|2010|South-Korea|L1.11	JN696101	South-Korea	2010	L1.11
JQ040764|AS10EU6.67-A01|2010|Thailand|L1.11	JQ040764	Thailand	2010	L1.11
JN696109|E9|2010|South-Korea|L1.11	JN696109	South-Korea	2010	L1.11
JN002362|1PRRN1H10EU|2010|Thailand|L1.11	JN002362	Thailand	2010	L1.11
KF698638|EU-TH-PRI131-2011|2011|Thailand|L1.11	KF698638	Thailand	2011	L1.11
JN848628|STS0611-EU12-25-G11|2011|Thailand|L1.11	JN848628	Thailand	2011	L1.11
JN848617|SV-S0211-EU8-83-G03|2011|Thailand|L1.11	JN848617	Thailand	2011	L1.11
KF360940|CP12-141-1|2012|South-Korea|L1.11	KF360940	South-Korea	2012	L1.11
KF360954|CP12-421-12|2012|South-Korea|L1.11	KF360954	South-Korea	2012	L1.11
KF360950|CP12-357-11|2012|South-Korea|L1.11	KF360950	South-Korea	2012	L1.11
PQ618131|07270513TE|2013|Spain|L1.11	PQ618131	Spain	2013	L1.11
PQ618404|16-341-6|2016|DEU-NLD-DNK|L1.11	PQ618404	DEU-NLD-DNK	2016	L1.11
PQ618405|18-15811-1|2018|DEU-NLD-DNK|L1.11	PQ618405	DEU-NLD-DNK	2018	L1.11
PQ618406|18-10400-1|2018|DEU-NLD-DNK|L1.11	PQ618406	DEU-NLD-DNK	2018	L1.11
PQ618407|18-18553-2|2018|DEU-NLD-DNK|L1.11	PQ618407	DEU-NLD-DNK	2018	L1.11
PQ618408|18-14102-55|2018|DEU-NLD-DNK|L1.11	PQ618408	DEU-NLD-DNK	2018	L1.11
PQ618409|19-13658-2|2019|DEU-NLD-DNK|L1.11	PQ618409	DEU-NLD-DNK	2019	L1.11
PQ618410|19-103-23|2019|DEU-NLD-DNK|L1.11	PQ618410	DEU-NLD-DNK	2019	L1.11
PQ618411|19-12025-1|2019|DEU-NLD-DNK|L1.11	PQ618411	DEU-NLD-DNK	2019	L1.11
PQ618412|19-6139-1|2019|DEU-NLD-DNK|L1.11	PQ618412	DEU-NLD-DNK	2019	L1.11
PQ618413|19-15830-16|2019|DEU-NLD-DNK|L1.11	PQ618413	DEU-NLD-DNK	2019	L1.11
JX075094|Rom3|2010|Romania|L1.12	JX075094	Romania	2010	L1.12
JX075096|Rom5|2011|Romania|L1.12	JX075096	Romania	2011	L1.12
JX075097|Rom6|2011|Romania|L1.12	JX075097	Romania	2011	L1.12
JX090163|Rom7|2011|Romania|L1.12	JX090163	Romania	2011	L1.12
JX090164|Rom9|2011|Romania|L1.12	JX090164	Romania	2011	L1.12
JX090165|2011|2011|Romania|L1.12	JX090165	Romania	2011	L1.12
JX090166|2011|2011|Romania|L1.12	JX090166	Romania	2011	L1.12
JX090167|Rom8|2011|Romania|L1.12	JX090167	Romania	2011	L1.12
JX099574|2011|2011|Romania|L1.12	JX099574	Romania	2011	L1.12
JX099577|2011|2011|Romania|L1.12	JX099577	Romania	2011	L1.12
JX099578|2011|2011|Romania|L1.12	JX099578	Romania	2011	L1.12
JX105430|Rom20|2011|Romania|L1.12	JX105430	Romania	2011	L1.12
GU047344|BJEU06-1|2006|China|L1.13	GU047344	China	2006	L1.13
JX187609|NVDC-NM1-2011|2011|China|L1.13	JX187609	China	2011	L1.13
KM196101|LNEU12|2012|China|L1.13	KM196101	China	2012	L1.13
KP860912|FJEU13|2013|China|L1.13	KP860912	China	2013	L1.13
KR048690|FJEU|2013|China|L1.13	KR048690	China	2013	L1.13
KY924476|LY-ZHOU|2013|China|L1.13	KY924476	China	2013	L1.13
KX967492|15HEN1-EU|2015|China|L1.13	KX967492	China	2015	L1.13
KT208357|ch-fj-II-2015-GP5|2015|China|L1.13	KT208357	China	2015	L1.13
MG870202|HENNY-8|2016|China|L1.13	MG870202	China	2016	L1.13
MG870203|HENZMD-10-1|2016|China|L1.13	MG870203	China	2016	L1.13
MG870204|HENZZ-11|2016|China|L1.13	MG870204	China	2016	L1.13
MN927227|HeB3|2018|China|L1.13	MN927227	China	2018	L1.13
MN927229|HL85|2018|China|L1.13	MN927229	China	2018	L1.13
MN550991|KZ2018|2018|China|L1.13	MN550991	China	2018	L1.13
MK689121|HN1804-1|2018|China|L1.13	MK689121	China	2018	L1.13
KY363382|HENZMD-10|2016|China|L1.13	KY363382	China	2016	L1.13
FJ705373|H-01-1d|2003|Germany|L1.14	FJ705373	Germany	2003	L1.14
FJ705374|H-01-1e|2003|Germany|L1.14	FJ705374	Germany	2003	L1.14
FJ705375|H-01-1f|2003|Germany|L1.14	FJ705375	Germany	2003	L1.14
FJ705376|H-01-1g|2003|Germany|L1.14	FJ705376	Germany	2003	L1.14
FJ705391|H-05-1a|2004|Germany|L1.14	FJ705391	Germany	2004	L1.14
FJ705392|H-05-2a|2006|Germany|L1.14	FJ705392	Germany	2006	L1.14
FJ705393|H-05-2b|2006|Germany|L1.14	FJ705393	Germany	2006	L1.14
PQ618414|16-11190-11|2016|DEU-NLD-DNK|L1.14	PQ618414	DEU-NLD-DNK	2016	L1.14
MF600609|Serbia-E10|2009|Serbia|L1.15	MF600609	Serbia	2009	L1.15
MF600603|PRRSV-1-1-Serbia-E4-2012|2012|Serbia|L1.15	MF600603	Serbia	2012	L1.15
MF600604|PRRSV-1-1-Serbia-E5-2012|2012|Serbia|L1.15	MF600604	Serbia	2012	L1.15
MF600605|PRRSV-1-1-Serbia-E6-2012|2012|Serbia|L1.15	MF600605	Serbia	2012	L1.15
MF600606|PRRSV-1-1-Serbia-E7-2012|2012|Serbia|L1.15	MF600606	Serbia	2012	L1.15
MF600607|PRRSV-1-1-Serbia-E8-2012|2012|Serbia|L1.15	MF600607	Serbia	2012	L1.15
MF600608|PRRSV-1-1-Serbia-E9-2012|2012|Serbia|L1.15	MF600608	Serbia	2012	L1.15
MF600610|PRRSV-1-1-Serbia-E11-2012|2012|Serbia|L1.15	MF600610	Serbia	2012	L1.15
MF600611|PRRSV-1-1-Serbia-E12-2012|2012|Serbia|L1.15	MF600611	Serbia	2012	L1.15
MF600612|PRRSV-1-1-Serbia-E13-2012|2012|Serbia|L1.15	MF600612	Serbia	2012	L1.15
MF600613|PRRSV-1-1-Serbia-E14-2012|2012|Serbia|L1.15	MF600613	Serbia	2012	L1.15
MF600614|PRRSV-1-1-Serbia-E15-2012|2012|Serbia|L1.15	MF600614	Serbia	2012	L1.15
MF600534|PRRSV-1-1-Hungary-S356Katymar-2014|2014|Hungary|L1.15	MF600534	Hungary	2014	L1.15
MN102193|28593-NEBIH-2015-HU|2015|Hungary|L1.15	MN102193	Hungary	2015	L1.15
AF253537|V-503|1995|Czech-Republic|L1.16	AF253537	Czech-Republic	1995	L1.16
AF253531|V-501|1996|Czech-Republic|L1.16	AF253531	Czech-Republic	1996	L1.16
AF495518|uab16|2000|Spain|L1.16	AF495518	Spain	2000	L1.16
AF495517|uab15|2000|Spain|L1.16	AF495517	Spain	2000	L1.16
KJ614492|3-AJ06|2006|Czech-Republic|L1.16	KJ614492	Czech-Republic	2006	L1.16
MF600615|PRRSV-1-1-Slovakia-Vos-2229-2007|2007|Slovakia|L1.16	MF600615	Slovakia	2007	L1.16
KY655235|45-ZK07|2007|Czech-Republic|L1.16	KY655235	Czech-Republic	2007	L1.16
KJ614493|4-B08|2008|Czech-Republic|L1.16	KJ614493	Czech-Republic	2008	L1.16
KJ614496|7-AJ10|2010|Czech-Republic|L1.16	KJ614496	Czech-Republic	2010	L1.16
KJ614502|13-P11|2011|Czech-Republic|L1.16	KJ614502	Czech-Republic	2011	L1.16
KJ614501|12-P11|2011|Czech-Republic|L1.16	KJ614501	Czech-Republic	2011	L1.16
KJ614517|28-AS13|2013|Czech-Republic|L1.16	KJ614517	Czech-Republic	2013	L1.16
KJ614516|27-AS13|2013|Czech-Republic|L1.16	KJ614516	Czech-Republic	2013	L1.16
KJ614515|26-AS13|2013|Czech-Republic|L1.16	KJ614515	Czech-Republic	2013	L1.16
MH463456|HU18861-2016|2016|Hungary|L1.16	MH463456	Hungary	2016	L1.16
MH463455|HU18755-2016|2016|Hungary|L1.16	MH463455	Hungary	2016	L1.16
MN102320|7624-NEBIH-2017-HU|2017|Hungary|L1.16	MN102320	Hungary	2017	L1.16
AY739982|IT26|2002|Italy|L1.17	AY739982	Italy	2002	L1.17
AY739985|IT29|2003|Italy|L1.17	AY739985	Italy	2003	L1.17
AY739965|IT9|2003|Italy|L1.17	AY739965	Italy	2003	L1.17
AY739972|IT16|2003|Italy|L1.17	AY739972	Italy	2003	L1.17
AY739980|IT24|2003|Italy|L1.17	AY739980	Italy	2003	L1.17
KF181419|949-71|2010|Italy|L1.17	KF181419	Italy	2010	L1.17
KF181430|2503-40|2011|Italy|L1.17	KF181430	Italy	2011	L1.17
KF181384|46-11|2011|Italy|L1.17	KF181384	Italy	2011	L1.17
KF181396|282|2011|Italy|L1.17	KF181396	Italy	2011	L1.17
KF181426|84|2012|Italy|L1.17	KF181426	Italy	2012	L1.17
MF346695|PR40-2014|2014|Italy|L1.17	MF346695	Italy	2014	L1.17
OM893830|R3|2021|Spain|L1.17	OM893830	Spain	2021	L1.17
OM893831|R4|2021|Spain|L1.17	OM893831	Spain	2021	L1.17
OM893832|R5|2021|Spain|L1.17	OM893832	Spain	2021	L1.17
OM893834|R7|2021|Spain|L1.17	OM893834	Spain	2021	L1.17
OM893835|R8|2021|Spain|L1.17	OM893835	Spain	2021	L1.17
OM893836|R9|2021|Spain|L1.17	OM893836	Spain	2021	L1.17
OM893846|R19|2021|Spain|L1.17	OM893846	Spain	2021	L1.17
OM893850|R23|2021|Spain|L1.17	OM893850	Spain	2021	L1.17
OM893853|R26|2021|Spain|L1.17	OM893853	Spain	2021	L1.17
OM893855|R28|2021|Spain|L1.17	OM893855	Spain	2021	L1.17
PQ618132|07090415SI|2015|Spain|L1.17	PQ618132	Spain	2015	L1.17
PQ618133|07060616HI|2016|Spain|L1.17	PQ618133	Spain	2016	L1.17
PQ618134|44300116HERM|2016|Spain|L1.17	PQ618134	Spain	2016	L1.17
PQ618135|44020217CA|2017|Spain|L1.17	PQ618135	Spain	2017	L1.17
PQ618136|07200617HI|2017|Spain|L1.17	PQ618136	Spain	2017	L1.17
PQ618137|07090117CA|2017|Spain|L1.17	PQ618137	Spain	2017	L1.17
PQ618138|44110418LLO|2018|Spain|L1.17	PQ618138	Spain	2018	L1.17
PQ618139|111050419PO|2019|Spain|L1.17	PQ618139	Spain	2019	L1.17
AY035941|1142-97|1997|Italy|L1.18	AY035941	Italy	1997	L1.18
AY035930|2029-97|1997|Italy|L1.18	AY035930	Italy	1997	L1.18
AF486458|PRRSV-BS49|2002|Italy|L1.18	AF486458	Italy	2002	L1.18
AF486482|PRRSV-PC43|2002|Italy|L1.18	AF486482	Italy	2002	L1.18
AY739978|IT22|2003|Italy|L1.18	AY739978	Italy	2003	L1.18
AY740011|IT55|2003|Italy|L1.18	AY740011	Italy	2003	L1.18
AY739995|IT39|2003|Italy|L1.18	AY739995	Italy	2003	L1.18
AY739991|IT35|2003|Italy|L1.18	AY739991	Italy	2003	L1.18
AY730551|IT1|2003|Italy|L1.18	AY730551	Italy	2003	L1.18
AY739999|IT43|2003|Italy|L1.18	AY739999	Italy	2003	L1.18
AY739997|IT41|2003|Italy|L1.18	AY739997	Italy	2003	L1.18
AY739974|IT18|2003|Italy|L1.18	AY739974	Italy	2003	L1.18
AY743935|IT59|2004|Italy|L1.18	AY743935	Italy	2004	L1.18
AY739962|IT6|2004|Italy|L1.18	AY739962	Italy	2004	L1.18
KF181398|2443|2010|Italy|L1.18	KF181398	Italy	2010	L1.18
KF181393|2408-10|2010|Italy|L1.18	KF181393	Italy	2010	L1.18
MF600619|PRRSV-1-1-Slovenia-5852-2013|2013|Slovenia|L1.18	MF600619	Slovenia	2013	L1.18
MK814078|178A-2015|2015|Slovenia|L1.18	MK814078	Slovenia	2015	L1.18
MK814107|228A-2017|2017|Slovenia|L1.18	MK814107	Slovenia	2017	L1.18
JF730999|EU-18a|2011|Italy|L1.18	JF730999	Italy	2011	L1.18
EU071240|IL-1|1997|Russia|L2	EU071240	Russia	1997	L2
EU071248|ND-1|1998|Russia|L2	EU071248	Russia	1998	L2
DQ324682|Sid|2000|Lithuania|L2	DQ324682	Lithuania	2000	L2
AF378803|Auk|2000|Lithuania|L2	AF378803	Lithuania	2000	L2
AF378802|Dai|2000|Lithuania|L2	AF378802	Lithuania	2000	L2
DQ324667|Aus|2000|Lithuania|L2	DQ324667	Lithuania	2000	L2
AF378800|Aus|2000|Lithuania|L2	AF378800	Lithuania	2000	L2
JN651733|Aus|2002|Lithuania|L2	JN651733	Lithuania	2002	L2
EU071239|KZ-2|2004|Russia|L2	EU071239	Russia	2004	L2
EU071245|ZV|2004|Russia|L2	EU071245	Russia	2004	L2
JN651734|Bor|2004|Belarus|L2	JN651734	Belarus	2004	L2
DQ324672|Bor-54|2004|Belarus|L2	DQ324672	Belarus	2004	L2
DQ324671|Bor-41|2004|Belarus|L2	DQ324671	Belarus	2004	L2
DQ324683|Sno-4|2004|Belarus|L2	DQ324683	Belarus	2004	L2
EU071230|RS|2005|Russia|L2	EU071230	Russia	2005	L2
EU071233|VR|2005|Russia|L2	EU071233	Russia	2005	L2
EU071234|KH-2|2005|Russia|L2	EU071234	Russia	2005	L2
EU071235|KH-3|2005|Russia|L2	EU071235	Russia	2005	L2
EU071237|IN|2005|Russia|L2	EU071237	Russia	2005	L2
EU071238|MB-2|2005|Russia|L2	EU071238	Russia	2005	L2
EU071244|TM-2|2005|Russia|L2	EU071244	Russia	2005	L2
EU071250|VSH|2005|Russia|L2	EU071250	Russia	2005	L2
EU071251|GK|2005|Russia|L2	EU071251	Russia	2005	L2
DQ324689|Vas-2|2005|Belarus|L2	DQ324689	Belarus	2005	L2
EU071231|BK|2006|Russia|L2	EU071231	Russia	2006	L2
EU071232|BLG|2006|Russia|L2	EU071232	Russia	2006	L2
EU071241|NB|2006|Russia|L2	EU071241	Russia	2006	L2
EU071242|NV-3|2006|Russia|L2	EU071242	Russia	2006	L2
EU071243|PMP|2006|Russia|L2	EU071243	Russia	2006	L2
EU071246|VL-3|2006|Russia|L2	EU071246	Russia	2006	L2
EU071249|ND-3|2006|Russia|L2	EU071249	Russia	2006	L2
KC714029|Kup-2007-LT|2007|Lithuania|L2	KC714029	Lithuania	2007	L2
KX668221|WestSib13|2013|Russia|L2	KX668221	Russia	2013	L2
MT008024|Tyu16|2016|Russia|L2	MT008024	Russia	2016	L2
EU071236|SHV|2007|Russia|L2	EU071236	Russia	2007	L2
EU071247|BT2|2007|Russia|L2	EU071247	Russia	2007	L2
DQ324669|Bel-42|2004|Belarus|L3	DQ324669	Belarus	2004	L3
DQ324686|Soz-6|2004|Belarus|L3	DQ324686	Belarus	2004	L3
DQ324694|Zad-1|2004|Belarus|L3	DQ324694	Belarus	2004	L3
DQ324693|Yuz-48|2004|Belarus|L3	DQ324693	Belarus	2004	L3
DQ324692|Yuz-34|2004|Belarus|L3	DQ324692	Belarus	2004	L3
DQ324670|Bel-43|2004|Belarus|L3	DQ324670	Belarus	2004	L3
DQ324691|Vos-50|2004|Belarus|L3	DQ324691	Belarus	2004	L3
DQ324697|Zap-46-50|2004|Belarus|L3	DQ324697	Belarus	2004	L3
DQ324696|Zap-36-40|2004|Belarus|L3	DQ324696	Belarus	2004	L3
DQ324687|Soz-8|2004|Belarus|L3	DQ324687	Belarus	2004	L3
DQ324676|Obu-1|2005|Belarus|L3	DQ324676	Belarus	2005	L3
EU071227|Soz-f2|2006|Belarus|L3	EU071227	Belarus	2006	L3
EU071228|Soz-f3|2006|Belarus|L3	EU071228	Belarus	2006	L3
JF802085|lena|2007|Belarus|L3	JF802085	Belarus	2007	L3
EU909691|Lena|2007|Belarus|L3	EU909691	Belarus	2007	L3
KP889243|SU1-Bel|2010|Belarus|L3	KP889243	Belarus	2010	L3
JN651735|SZA|2010|Belarus|L3	JN651735	Belarus	2010	L3
JN651736|Okt|2004|Belarus|L4	JN651736	Belarus	2004	L4
DQ324677|Okt-35|2004|Belarus|L4	DQ324677	Belarus	2004	L4
EU071229|PK|2007|Belarus|L4	EU071229	Belarus	2007	L4
AF486454|PRRSV-BS31|2002|Italy|L1-unclassified	AF486454	Italy	2002	L1-unclassified
AF486460|PRRSV-BS55|2002|Italy|L1-unclassified	AF486460	Italy	2002	L1-unclassified
AF486462|PRRSV-BS58|2002|Italy|L1-unclassified	AF486462	Italy	2002	L1-unclassified
AF486463|PRRSV-BS77|2002|Italy|L1-unclassified	AF486463	Italy	2002	L1-unclassified
AF486465|PRRSV-BS84|2002|Italy|L1-unclassified	AF486465	Italy	2002	L1-unclassified
AF486466|PRRSV-BS85|2002|Italy|L1-unclassified	AF486466	Italy	2002	L1-unclassified
AF486468|PRRSV-BS162|2002|Italy|L1-unclassified	AF486468	Italy	2002	L1-unclassified
AF486469|PRRSV-BS163|2002|Italy|L1-unclassified	AF486469	Italy	2002	L1-unclassified
AF486471|PRRSV-BS165|2002|Italy|L1-unclassified	AF486471	Italy	2002	L1-unclassified
AF486473|PRRSV-BS168|2002|Italy|L1-unclassified	AF486473	Italy	2002	L1-unclassified
AF486476|PRRSV-BS180|2002|Italy|L1-unclassified	AF486476	Italy	2002	L1-unclassified
AF486478|PRRSV-BS187|2002|Italy|L1-unclassified	AF486478	Italy	2002	L1-unclassified
AY739960|IT4|2004|Italy|L1-unclassified	AY739960	Italy	2004	L1-unclassified
AY739961|IT5|2003|Italy|L1-unclassified	AY739961	Italy	2003	L1-unclassified
AY739975|IT19|2002|Italy|L1-unclassified	AY739975	Italy	2002	L1-unclassified
AY740004|IT48|2003|Italy|L1-unclassified	AY740004	Italy	2003	L1-unclassified
AY740005|IT49|2003|Italy|L1-unclassified	AY740005	Italy	2003	L1-unclassified
AY740007|IT51|2002|Italy|L1-unclassified	AY740007	Italy	2002	L1-unclassified
KF181387|162-32|2010|Italy|L1-unclassified	KF181387	Italy	2010	L1-unclassified
KF181400|716-28|2011|Italy|L1-unclassified	KF181400	Italy	2011	L1-unclassified
KF181405|631-5|2011|Italy|L1-unclassified	KF181405	Italy	2011	L1-unclassified
KF181407|2129-29|2010|Italy|L1-unclassified	KF181407	Italy	2010	L1-unclassified
KF181411|174-2|2011|Italy|L1-unclassified	KF181411	Italy	2011	L1-unclassified
KF181414|2129-28|2010|Italy|L1-unclassified	KF181414	Italy	2010	L1-unclassified
KF181416|20|2011|Italy|L1-unclassified	KF181416	Italy	2011	L1-unclassified
KF181418|592-9|2011|Italy|L1-unclassified	KF181418	Italy	2011	L1-unclassified
KF181422|2542-13|2010|Italy|L1-unclassified	KF181422	Italy	2010	L1-unclassified
KF181434|91-34|2012|Italy|L1-unclassified	KF181434	Italy	2012	L1-unclassified
MN617073|271009-6|2015|Italy|L1-unclassified	MN617073	Italy	2015	L1-unclassified
MN617074|271009-8|2015|Italy|L1-unclassified	MN617074	Italy	2015	L1-unclassified
OP688357|BA-L3-818-9w|2018|Spain|L1-unclassified	OP688357	Spain	2018	L1-unclassified
OP688354|BA-L3-809-9w|2018|Spain|L1-unclassified	OP688354	Spain	2018	L1-unclassified
OP688345|BA-L3-777-9w|2018|Spain|L1-unclassified	OP688345	Spain	2018	L1-unclassified
OP688339|BA-L3-764-9w|2018|Spain|L1-unclassified	OP688339	Spain	2018	L1-unclassified
OP688337|BA-L3-753-9w|2018|Spain|L1-unclassified	OP688337	Spain	2018	L1-unclassified
OP688336|BA-L3-820-6w|2018|Spain|L1-unclassified	OP688336	Spain	2018	L1-unclassified
OP688335|BA-L3-819-6w|2018|Spain|L1-unclassified	OP688335	Spain	2018	L1-unclassified
OP688332|BA-L3-812-6w|2018|Spain|L1-unclassified	OP688332	Spain	2018	L1-unclassified
OP688328|BA-L3-805-6w|2018|Spain|L1-unclassified	OP688328	Spain	2018	L1-unclassified
OP688324|BA-L3-793-6w|2018|Spain|L1-unclassified	OP688324	Spain	2018	L1-unclassified
OP688321|BA-L3-777-6w|2018|Spain|L1-unclassified	OP688321	Spain	2018	L1-unclassified
OP688311|BA-L3-789-3w|2018|Spain|L1-unclassified	OP688311	Spain	2018	L1-unclassified
OP688309|BA-L1-572-9w|2017|Spain|L1-unclassified	OP688309	Spain	2017	L1-unclassified
OP688304|BA-L1-566-9w|2017|Spain|L1-unclassified	OP688304	Spain	2017	L1-unclassified
OP688301|BA-L1-561-9w|2017|Spain|L1-unclassified	OP688301	Spain	2017	L1-unclassified
OP688296|BA-L1-554-9w|2017|Spain|L1-unclassified	OP688296	Spain	2017	L1-unclassified
OP688290|BA-L1-542-9w|2017|Spain|L1-unclassified	OP688290	Spain	2017	L1-unclassified
OP688289|BA-L1-541-9w|2017|Spain|L1-unclassified	OP688289	Spain	2017	L1-unclassified
OP688288|BA-L1-539-9w|2017|Spain|L1-unclassified	OP688288	Spain	2017	L1-unclassified
OP688282|BA-L1-525-9w|2017|Spain|L1-unclassified	OP688282	Spain	2017	L1-unclassified
OP688280|BA-L1-523-9w|2017|Spain|L1-unclassified	OP688280	Spain	2017	L1-unclassified
OP688276|BA-L1-505-9w|2017|Spain|L1-unclassified	OP688276	Spain	2017	L1-unclassified
OP688272|BA-L1-570-6w|2017|Spain|L1-unclassified	OP688272	Spain	2017	L1-unclassified
OP688268|BA-L1-566-6w|2017|Spain|L1-unclassified	OP688268	Spain	2017	L1-unclassified
OP688266|BA-L1-560-6w|2017|Spain|L1-unclassified	OP688266	Spain	2017	L1-unclassified
OP688257|BA-L1-542-6w|2017|Spain|L1-unclassified	OP688257	Spain	2017	L1-unclassified
OP688254|BA-L1-536-6w|2017|Spain|L1-unclassified	OP688254	Spain	2017	L1-unclassified
OP688249|BA-L1-524-6w|2017|Spain|L1-unclassified	OP688249	Spain	2017	L1-unclassified
OP688248|BA-L1-523-6w|2017|Spain|L1-unclassified	OP688248	Spain	2017	L1-unclassified
OP688241|BA-L1-503-6w|2017|Spain|L1-unclassified	OP688241	Spain	2017	L1-unclassified
OP688235|BA-L1-533-4w|2017|Spain|L1-unclassified	OP688235	Spain	2017	L1-unclassified
OP688228|BA-L1-521-0w|2017|Spain|L1-unclassified	OP688228	Spain	2017	L1-unclassified
OP688189|BA-L1-515-2w|2017|Spain|L1-unclassified	OP688189	Spain	2017	L1-unclassified
OP688190|BA-L1-521-2w|2017|Spain|L1-unclassified	OP688190	Spain	2017	L1-unclassified
OP688194|BA-L1-533-2w|2017|Spain|L1-unclassified	OP688194	Spain	2017	L1-unclassified
OP688196|BA-L1-515-4w|2017|Spain|L1-unclassified	OP688196	Spain	2017	L1-unclassified
OP688197|BA-L1-518-4w|2017|Spain|L1-unclassified	OP688197	Spain	2017	L1-unclassified
OP688198|BA-L1-521-4w|2017|Spain|L1-unclassified	OP688198	Spain	2017	L1-unclassified
OP688203|BA-L1-510-6w|2017|Spain|L1-unclassified	OP688203	Spain	2017	L1-unclassified
OP688204|BA-L1-516-6w|2017|Spain|L1-unclassified	OP688204	Spain	2017	L1-unclassified
OP688205|BA-L1-518-6w|2017|Spain|L1-unclassified	OP688205	Spain	2017	L1-unclassified
OP688207|BA-L1-529-6w|2017|Spain|L1-unclassified	OP688207	Spain	2017	L1-unclassified
OP688209|BA-L1-545-6w|2017|Spain|L1-unclassified	OP688209	Spain	2017	L1-unclassified
OP688211|BA-L1-515-9w|2017|Spain|L1-unclassified	OP688211	Spain	2017	L1-unclassified
OP688213|BA-L3-763-6w|2018|Spain|L1-unclassified	OP688213	Spain	2018	L1-unclassified
OP688216|BA-L3-770-6w|2018|Spain|L1-unclassified	OP688216	Spain	2018	L1-unclassified
OP688218|BA-L3-798-6w|2018|Spain|L1-unclassified	OP688218	Spain	2018	L1-unclassified
OP688219|BA-L3-769-9w|2018|Spain|L1-unclassified	OP688219	Spain	2018	L1-unclassified
OP688220|BA-L3-770-9w|2018|Spain|L1-unclassified	OP688220	Spain	2018	L1-unclassified
OP688221|BA-L3-785-9w|2018|Spain|L1-unclassified	OP688221	Spain	2018	L1-unclassified
